-- phpMyAdmin SQL Dump
-- version 5.2.0
-- https://www.phpmyadmin.net/
--
-- Gép: 127.0.0.1
-- Létrehozás ideje: 2022. Sze 24. 22:58
-- Kiszolgáló verziója: 10.4.24-MariaDB
-- PHP verzió: 8.1.6

SET SQL_MODE = "NO_AUTO_VALUE_ON_ZERO";
START TRANSACTION;
SET time_zone = "+00:00";


/*!40101 SET @OLD_CHARACTER_SET_CLIENT=@@CHARACTER_SET_CLIENT */;
/*!40101 SET @OLD_CHARACTER_SET_RESULTS=@@CHARACTER_SET_RESULTS */;
/*!40101 SET @OLD_COLLATION_CONNECTION=@@COLLATION_CONNECTION */;
/*!40101 SET NAMES utf8mb4 */;

--
-- Adatbázis: `gkkdb`
--

-- --------------------------------------------------------

--
-- Tábla szerkezet ehhez a táblához `bookings`
--

CREATE TABLE `bookings` (
  `id` int(11) NOT NULL,
  `user_id` int(11) NOT NULL,
  `borrowed_vehicle_id` int(11) NOT NULL,
  `borrow_start` varchar(255) COLLATE utf8mb4_hungarian_ci NOT NULL,
  `borrow_end` varchar(255) COLLATE utf8mb4_hungarian_ci NOT NULL,
  `driver_license_number` varchar(255) COLLATE utf8mb4_hungarian_ci NOT NULL,
  `price` int(11) NOT NULL,
  `status` varchar(255) COLLATE utf8mb4_hungarian_ci NOT NULL
) ENGINE=InnoDB DEFAULT CHARSET=utf8mb4 COLLATE=utf8mb4_hungarian_ci;

--
-- A tábla adatainak kiíratása `bookings`
--

INSERT INTO `bookings` (`id`, `user_id`, `borrowed_vehicle_id`, `borrow_start`, `borrow_end`, `driver_license_number`, `price`, `status`) VALUES
(8, 4, 2, '20221208', '20221208', 'sadfdsdf', 231111, 'teljesitve'),
(9, 4, 3, '202218706', '202218706', '202218706', 2323131, 'teljesitve'),
(11, 3, 2, '20220918', '20220928', '458256áá', 23000, 'teljesitve'),
(13, 4, 4, '20221208', '20230105', '51261561ll', 24000, 'teljesitve'),
(15, 4, 3, '20221208', '20221208', 'sadfdsdf', 231111, 'teljesitve'),
(16, 4, 3, '20221208', '20221208', 'sadfdsdf', 231111, 'teljesitve'),
(17, 4, 4, '20221208', '20221208', 'sadfdsdf', 231111, 'teljesitve'),
(18, 4, 2, '20221208', '20221208', 'sadfdsdf', 231111, 'elvitte'),
(19, 4, 2, '20221208', '20221208', 'sadfdsdf', 231111, 'teljesitve'),
(20, 4, 3, '20221208', '20221208', 'sadfdsdf', 231111, 'foglalva'),
(21, 4, 2, '20221208', '20221208', 'sadfdsdf', 231111, 'foglalva'),
(22, 4, 2, '20221208', '20221208', 'sadfdsdf', 231111, 'foglalva'),
(23, 4, 2, '20221208', '20221208', '123456zz', 231111, 'foglalva'),
(25, 4, 2, '20221208', '20221208', 'sadfdsdf', 231111, 'teljesitve'),
(26, 4, 2, '20221208', '20221208', 'sadfdsdf', 231111, 'teljesitve'),
(29, 4, 2, '20221208', '20221208', 'sadfdsdf', 231111, 'teljesitve'),
(30, 4, 2, '20221208', '20221208', 'sadfdsdf', 231111, 'teljesitve'),
(31, 4, 2, '20221208', '20221208', 'sadfdsdf', 231111, 'teljesitve'),
(32, 4, 2, '20221208', '20221208', 'sadfdsdf', 231111, 'teljesitve'),
(33, 4, 2, '20221208', '20221208', 'sadfdsdf', 231111, 'teljesitve'),
(34, 4, 2, '20221208', '20221208', 'sadfdsdf', 231110, 'teljesitve'),
(39, 4, 2, '2022-09-11', '2022-09-24', '365289éé', 40000, 'elvitte'),
(40, 4, 4, '20221208', '20221208', '111111áá', 23000, 'foglalva'),
(41, 5, 2, '2022-09-03', '2022-19-14', '456285ee', 12000, 'teljesitve');

-- --------------------------------------------------------

--
-- Tábla szerkezet ehhez a táblához `company`
--

CREATE TABLE `company` (
  `id` int(255) NOT NULL,
  `registration_number` varchar(255) COLLATE utf8_hungarian_ci NOT NULL,
  `company_name` varchar(255) COLLATE utf8_hungarian_ci NOT NULL,
  `headquarter` varchar(255) COLLATE utf8_hungarian_ci NOT NULL,
  `tax_number` varchar(255) COLLATE utf8_hungarian_ci NOT NULL
) ENGINE=InnoDB DEFAULT CHARSET=utf8 COLLATE=utf8_hungarian_ci;

--
-- A tábla adatainak kiíratása `company`
--

INSERT INTO `company` (`id`, `registration_number`, `company_name`, `headquarter`, `tax_number`) VALUES
(1, '86 49 473538', 'Balogh és társai nyrt. Személygépjármű bérlés', 'Sárospatak, Wesselényi út 26, 3950', '77974667-7-25');

-- --------------------------------------------------------

--
-- Tábla szerkezet ehhez a táblához `message`
--

CREATE TABLE `message` (
  `id` int(255) NOT NULL,
  `user_name` varchar(255) COLLATE utf8_hungarian_ci NOT NULL,
  `name` varchar(255) COLLATE utf8_hungarian_ci NOT NULL,
  `message` varchar(255) COLLATE utf8_hungarian_ci NOT NULL,
  `status` varchar(255) COLLATE utf8_hungarian_ci NOT NULL
) ENGINE=InnoDB DEFAULT CHARSET=utf8 COLLATE=utf8_hungarian_ci;

--
-- A tábla adatainak kiíratása `message`
--

INSERT INTO `message` (`id`, `user_name`, `name`, `message`, `status`) VALUES
(1, 'imre', 'message', 'ja', 'küldve'),
(2, 'imre', 'hovaka kálmán', 'levi pöcse kicsi', 'elfogadva'),
(3, 'kakimaki', 'jár kálmán', 'nagy a faszom', 'elutasitva'),
(4, 'admin', 'admin admin', 'váradi egy buzi és ezt jobb ha mindenki az eszébe vési.', 'elfogadva'),
(5, 'tlt03', 'Levente Tarnóczi', 'user jogot szeretnék valentínnek', 'elfogadva'),
(6, 'gyalogh', 'Dávid Balogh', 'Tarnócsi Leventétől vegyék el az admint!', 'elutasitva'),
(7, 'admin', 'admin admin', 'levi buzi', 'elfogadva');

-- --------------------------------------------------------

--
-- Tábla szerkezet ehhez a táblához `user`
--

CREATE TABLE `user` (
  `id` int(255) NOT NULL,
  `username` varchar(255) COLLATE utf8_hungarian_ci NOT NULL,
  `first_name` varchar(255) COLLATE utf8_hungarian_ci NOT NULL,
  `last_name` varchar(255) COLLATE utf8_hungarian_ci NOT NULL,
  `password` varchar(255) COLLATE utf8_hungarian_ci NOT NULL,
  `email` varchar(255) COLLATE utf8_hungarian_ci NOT NULL,
  `phone_number` varchar(15) COLLATE utf8_hungarian_ci NOT NULL,
  `registration_date` varchar(11) COLLATE utf8_hungarian_ci NOT NULL,
  `rank` varchar(255) COLLATE utf8_hungarian_ci NOT NULL
) ENGINE=InnoDB DEFAULT CHARSET=utf8 COLLATE=utf8_hungarian_ci;

--
-- A tábla adatainak kiíratása `user`
--

INSERT INTO `user` (`id`, `username`, `first_name`, `last_name`, `password`, `email`, `phone_number`, `registration_date`, `rank`) VALUES
(1, 'admin', 'admin', 'admin', 'admin', 'admin@gkk.app.hu', '+36709312755', '2022-09-17', 'admin'),
(2, 'worker', 'worker', 'worker', 'worker', 'worker@gkk.app.hu', '+36709312755', '2022-09-17', 'worker'),
(3, 'user', 'user', 'user', 'user', 'user@gkk.app.hu', '+36709312755', '2022-09-17', 'user'),
(4, 'alkalmazasbol', 'alkalmazasbol', 'alkalmazasbol', 'alkalmazasbol', 'alkalmazasbol@gkk.app.hu', '+36709312755', '2022-09-17', 'alkalmazasbol'),
(5, 'tlt03', 'Levente', 'Tarnóczi', 'Macilaci2022', 'tlt03@gkk.app.hu', '+36925874587', '2022-09-22', 'admin'),
(6, 'vali', 'Valentin', 'Füredel', 'Macilaci2022', 'vali@gkk.app.hu', '+36705826978', '2022-09-22', 'admin'),
(7, 'gyalogh', 'Dávid', 'Balogh', 'Macilaci2022', 'gyalogh@gkk.app.hu', '+36709312755', '2022-09-22', 'admin');

-- --------------------------------------------------------

--
-- Tábla szerkezet ehhez a táblához `vehicles`
--

CREATE TABLE `vehicles` (
  `id` int(255) NOT NULL,
  `car` varchar(255) COLLATE utf8mb4_hungarian_ci NOT NULL,
  `info` text COLLATE utf8mb4_hungarian_ci NOT NULL,
  `daily_price` int(255) NOT NULL,
  `image` blob NOT NULL
) ENGINE=InnoDB DEFAULT CHARSET=utf8mb4 COLLATE=utf8mb4_hungarian_ci;

--
-- A tábla adatainak kiíratása `vehicles`
--

INSERT INTO `vehicles` (`id`, `car`, `info`, `daily_price`, `image`) VALUES
(2, 'Honda Civic3', '1.6 tuti valami csicska szívó.\n5 ajtós\n450 literes csomagtartófff\ndigit klimax\nnavi\nblutusz fejegység\nkájhacső', 60000, 0xffd8ffe000104a46494600010100000100010000ffdb0084000a0708151515181515151818181818181a18181a18181818181819181a1c181818181c212e251c1e2b2118182638262b2f313535351a243b403b343f2e343531010c0c0c100f101e12121a312424213431343434313431343434343434313434343434313131343434343434343434343434343434343434343434313434343434ffc000110800a6013003012200021101031101ffc4001c0000020203010100000000000000000000030401020005060708ffc400391000020200040404030703040203000000010200110304213105124151066171812291a1133242b1c1d1f01452e10762c2f123a2151672ffc4001801010101010100000000000000000000000001020304ffc4002111010100020203000301010000000000000001021103211231510413412232ffda000c03010002110311003f00d3f0fca23282c09b3aef4a011775b686efd3ce3381901ceca799957976a04961606ba6d7f288e5f34eabcaa40f3ea35bf4dfcae3e99f722a96aeebe2df5dbe2d373b54c6b26f789b4e1c97f7cf969df500f7d0fe7e573819272398551db51ad797cbe707879d7ecbd2f43a9aab3ad5edb768d266dbb28e9a023f23fcf732cf266f8aaa841a3d23082092cea773bc6104db22208741288b0c822022c32412887596022432c0ac2acacac25c19492b00a0cb032825a04dccb913204dc9b959902d73244cb8132265c9102844a30852254ac00308361186582610176100eb197102e216147580711b7100eb0a49c4571163ce22d88241afc458a622cd862ac5311645238822ce2398822ae2405c358de188b6188de1880c6188de188be188de1884a3e188ca081411841282a084512aa21504022085583510a251658506081970622512e58183b974527a4a820969aee2bc4d32eb6e753b2f53fb7bce4b3de36c41f7116be64497291a98daef5980de2f98cf220e667007acf30ccf1dc67e62f88741a8bdaf40076d091eb35873362d9d89624ddddf51a74dceb31e6d78bd54f8872fca5b9fdab53a03a0f78c65b8a61b8041201aa2469a8ef3c932f9924591deb43d0137f96d36fc13893206188a4a731def968eea40d85099f3c9af08f53517b45b3f9a184aac4820b51ae9a13efb54e4db38d45b0dd8a7e2404da8356c05f99b1b7c5e551acbe71872dd3e1ee3436015d35fc4341ff5759cb972df4d63c53fad837893042861ccc281f841340ed626b73be34001fb2c2663dd8851a55e9ea621c7722c8bf6d966045ada8bb6abd8751d7cfda79c67788bb92093b904741dff0049ac72cb2672c318ec71bc7798e7b664017f08a3ee7bedb4672ffea5ec1b0c11e47527cfb7f3d279a3622826c13d3792b995aae59a9bfacf5f1ecb90f1f65710d3da1ee47c37e53a3cbe653107361bab8f2373e7a5643d6bca6c787f11c5c13f03b28df4622e5f2b13c657ba3a403acf2f4f19671402b8bcc3fdcaa4fa5d4dc64ffd411406261127a9523e7465f289e363b071177127239f4c740e86c1f98f2325c4a157115c411c7115c41204f1045710473104531045213c458a388ee208ab89144c311bc3115c38de1c0670c46f0c4570e3787094ca465045d230928320855824865805512d31661128826571730a83998d094c6c50a0b31a0352670bc5f8b9c77e55be45df5af7ff00126597898e3baec30b8d23b84c305c9f615d4f9c7b8c71efe950220071187a81ad1635dac57af79cef0a75c2c36c52a417a09f775f522886d2c18ce532a0838b8c7e26d8dea3af29ef5bd7bdce19676bbe38c8e673698d88e5d8339bf88b01bd914474177fc134dc451d4fc437ad46bd89b277dfa4edb3d9dc2634ac9cda5d56a0743cbaf41aea74dee6b865d715795b66b20680863e828ec3b7a5c6f469c463e2165355d34bfc35adf6d409b2e1bc34bf2f380aa3400900924d8bbf51a69b88c67387a263a81b37313d76a23f23362f8c1536ee58ec480bca174d868479cb69236997c9e0a8a005de9b109b9b37a55d558fca6e7032f84c74a6f65b3a51f4b1f88d1249d2731c2783be6179f11d950dec796c004683d88f783e3396c2cb32a8770798ea189dac6a09af6f4e9be7b5e9d166fc36cb67008563a72eead556b5b8dfbdc0f0a0bcc50a1c17d6d4eaac7662a050a62350b434ee2e578267f302993115c555300a7a75206baf53da6f06751f5c6c160c0d73aa0ab035e56ebdab51d054956157e11a12a4d36ac5452b0ec109a0361d37f69c4f89bc2e75745a23a28a1ff7fbf49eadc39d4ecc68ed7cc4fa1049d7496cf6414af4a37634bd7fb6fbf9c98e5af4b963beabe70c7cab2ea7a686532f85ccc01eb3d0bc63e1a186eb888bff008aedc735d1f7bfd668b88f0f528d8987baeb62b5bf49da5db8dc74e7b399029a8da0307188d0cde64334083cfd3437516e2994436d87ea6b6fce692c072b8839a89a53a7a6bbcca2a62b8784fcbcfc8dcbfdd46be71f1f1a06eaba1efe44fe527a23d23c026f2c4f776f69be79a8f0461f2e510d573339f5d743370f378fa66fb2ce22ee2318917c4842ae22988236f15c48213c4114711dc489e248a261c6b0e2a91ac380de1c6b0e2b851ac384328632915c38ca41474864300b0cb341858af14e2985974e6c4617d16c7337a08af1ae3587964b636edf7106e7cfc84f2de259e7c672ee492c7aec0760266dd12371c578fe2664b33b72612ebca3651ff269a6c9663edf1530d3e14041377ad6e588f288f19cc5561aeca07379b11afca6cfc07950f982ee4f2a2dd0ea4ec2632f5bae98fbd4773899708ab88ff0a2d80875e55e8aa4dd935aebd8411ccff558a88eec8a4fc3863e1200d407d3e1f97f9d671ce3947e1b765be53af226ff00714ea7d749cb70ee30c98e1cead628ec77e84edd7e739e38db3b74cb292ea3d278df8770910b61801d0731507e17e5abd3befb1eb35d92cd2f2ef7b329bd0369a1ee75f4d3d61178e2b2162458a1b1d8a824017a1d37fd85f3391258bb5d2f39e51dacaea3cb46f988f12643f1acd27dba102a9687add59ea77919cc75e41ba9be5f2a26b5f6ede7156c9e1b3a8773aa926cebcc28fdde9b987cc65d0a15e7274006fccaca0d11daabacba4dbaf7e28b8586113969469557400009ebaf32d8f2373ce38ef1afb534765d074268ee7b75f786cde7dd54a3ef5a9e8d7b9d363a9f2b9a0081dfa9b3f9f4137231956cb87718c74148c2b4def97ef6848db43def7f974bc3bc5d8e8558b6193a8140dd6805d9206e76edd2e73d90e16f8ceb8584a19b7366912c6ec7e5f2f29bfe2de0cfe9f0c36267b2eaf57f6611c9f4b167e92f8f97a3cbc7dbb1e11e30c27f87182a127475b206ff007b4be8675b8599d289d0ea08b6041dabf953e754ccba1a0c0f4b53608fcfe62773e16f13b0f85df6ad0fe9e475d04e5971e9d31cf6f47380ad68e1b975f84122fd87f349c2f1df0a6260333e082e9a9e42755bd6c03bcecfff00905217976df7defa8bd3da3471411b81a59d40d3f5989958d658caf127cb233917bddde86faef018dc15d2d9407041d34b17d44ed38ff0e4c4c42bd4d95a041b1b9d6a8ce4ce23a3fd9bebcbb1e63af6a9db1cb71cf2c74f41f0666466725f658c9cc10942186e2bf63538af10786df28e79559f05c9e460092b7b23d75ec7aced7c1f9574c32cca54392403775dea6f5da749371cb7aad478730ca657095851e4d41155ed1c6867300c65407122f890ee62ee6452d8915c48ce2457125485b1228f1bc48a3c8aba46b0e27866368640de1c6b0e28863386650de1c6162a861d0c0650c3e1c590c321951e63e3ec5619c606e82a72fa574facd161e282c2fa4efbfd41e02f8cab8f84b6c8a43a8dd97a5772359e6384f4c3d6674bb13397ced7fdc7f39b5c8664e0609207c4e4dd9fc35da6b719350dd0ebfbc6f896180b84abadaffc8ebfac97e353aed5cae362b5944671d690b8f7d2033080fc616a8fc4362351a51f51f58ef0ae3b8d97ae47b51f8081cbbfd2741c53318599fb2c4e5e56ab734baad1a0dde8feb17a24f269b2d84ec9f1daa6e05d7357f069e4255735f80680e83d6ab7f68d714c615c80ec3cf4bdb702ff00cf5880462c808a00f35f43d87aeff2917d2f8aa45bb3551f9f90d250bbd820f98bebd77939952eb41868f674f2e83ac5730e450bbaeb43f9d25d26c7c2cd86f85803475047a9d7e7f58c61e5551c3a02402091608af23ff53518d89cd5d0815623395cfb2687eee9a8d341e424d7c37f5bbc2e2ad8384fc8395d9b52371d3e83f29a74e20795f98b126b94e86d8917ce4ebb736dd6a6cb1b0d719343f17283a0e83b8f63a4d06365990902c8f2d7d26b0ba33ee45df10311a6bd6bac63151b0b95ae89d7ce89357ea05fbc0e5b07e20cc0aa822fa5f90d37f686cc31c5726a85003c82a854bebb011523a9f0b717777e467d86ff00a5fb0de776d9a50baea46e493ca7b6c7f49e7de0de0d88cf6b75a8d3ea2f4f2f94ef1387b80430d403a91aad6b777fa4e19fbe9df0bd76d2f16c4be50a2d98809b6fb0aec3ce6df85f0208ff006b89c8ef42a94fc3e849d7d749ac5c12f99417612bbf6d77fce756cd37c51cf92ff18ef025a433dedf3fda4133b392ac609ccb3183730a1398bb9867300e640bbc5b1230e62ce6285b1228f1ac4314c4905b0cc690c4d0c6f0cc06f0e328628863086581c430e862a86308603286114c029845680ca3ce4fc4fe0b4cc5e2607c18957cbb2b9fd0f9ce9c19708a7a0f9032a3c471b0d90b61e229574b041e87afb4d9f18c81c2c3c03cdce1903ab557c2c491ee0d8f39d6f8dbc30f8c571b0073381caeb7ab2f422fb5982cef046191c1c3c503ed30c38ad47c06da835d1af86632e9b8f3874af3ec46d537594c428800f7e9d8d1ef46be935898479a8ed7ac2e3b7358d80d845bb4934ccc6359006a2fe67bc67ed0aadd0adcee7bfb0de29869d61b3598529ca0ebede7d773d256bf8ccb127e2ee4fcff0086662a31dab7f2d8efbc572f992847f2a378b8c8e0d1d7e5e7090b63e59af603f2f294fb06fa5f7d0f7f9c6f1893caa74e6a37ebbdfed23114ad953a6d7dc6fb4cae9990c6646a04806f6df4de8fa42678f25157b07a59b1effceb152057e7afe4213031d4da3551d89e86050613b5126efb1bebb1ec7d66e32d97550a059246bb6957755befd4569eb330387372f321b17d2cd51b6e9f10d41f2b177367c3ca87d15cd05a1f78900358343f4fde2d598bd03c19c3182024b2ae8001a6806818ef677a3ebd6e3fe28e6c1647405558f2b9df7d01a1f9eb0de1dc40985f1021bb9bd2fa00758ef1ac35c5c16560a763645d57e5fe273e9b71993423189dac1d49bedad03afcc4dc14ee6ff2f97ef73419147189446baeeddb4e80cde9e6ee07a6bf53fb4e9c7e9cf3f6963045af6f9ff3793cbd773e7fca1ed218ce8c286098c231816900dcc5dcc33980c4800c48b3987c431773250be218ae2463122af0a94319c331448ce1c0710c610c5521d6221c430e862a91bc2c3276116e89362a98643008a7979ab4dafa588c043cbcd5a55fb4972c7eb531cbe2ca6114c126bb487bbab3e806a7cbc87f89adb2236380740c48fed0481ea76ef359c47305ee8a3d023e172771aec281f78ea65f9eeeb97b7deb15a6fa5574aa89f1fcb2aa2b9b347949ec08d36d04ce5e9ac7dbcc33a02332d6b7f29af144dc3f11c405d8f7316e7113d16f6b9c524f288d653262fe23a989e01af8bac3ae311f49487532a8dba8daeb4ee7694c6c82d0e5d0f4abd6bcbf6807cceb60fe733facefea06b0bd172c558736b46e4fc5bae9b7f04362622bd850013aedb7a189f395257b417a1b918d935dee5b102e955a0fafa417db69a4a2e2541b8e838513cbcd6a796b522efb036288f2facdae4734869ce850f97417a5ea07ace4f0d89d57df5e9de193302c163e5b9f633166d665a7a260f1d760afce4229a02c13af53afaf9f49bf7e24193724104ed447a74f95cf2ae1ec5dec5d0a1a753d34d349e85c07853e28ea12b7db9bd01db79cf2ff0031d31ed7e198bcf8b6360281dbfc749b8386dbd69de32ab878439130939ce8ba6a49ee4ef3618685105d6835d37f5bfa769ce7359e9bbc5bf6d13d8de0ccaf1de28bce8b869f1391635d1ae8003bfed19c4c9b81cc359df1e597aae3971d9dc28c605cc2b0304c2757209a2ee630e22ee202ce62ee6318822d892059cc59cc69d62aeb0a4f0f88aff69f988e61f114ebcdf21fbce711e155e5474e9c4b0ffddf2ff319c3e2785ddbe5fe6728af0aaf1a1d82f14c2ad0927a0aafac4333c4f19caf23f2a0fc2394593bd9f97d66911e1971266e332f6d6395c7d37985c47113e1561cac29859d7b917fcd20f1b378c5f995e80a0ab7f0d50b2da6f356b8a61062c9faf16bf664db705e22f82ce310f321b2a012c54fbd4d9fff0063c15069312cf5a4b3e7f7a72c7166cb21c1b1f185a252ff00731a1ec37316e38ceee9992e57a8dabf8af086d83897d3541f50768a673c4c8e8c8705ed8101b9d472ff00f915a7e7e71c4f0b2a11f6b8c0770a35af28e3f87b2d54a1dbfdc18ffd4e397e571ceb7b759f8f9d79466385331241aebb5ef173c1dbfbbff5ff0033d5339e19c32a4e13b061f85e883ee351396c4c22ac5596883447989d38f971ce7f9ac67c7963ff004e5870d6eff4975c830ebf49d11c31da41c21da74d39b9b390606efe921b22ddfe93a2fb21da41c112aedcdff42e3635f3947c8b9ed3a53832a70241cd7f42e3603dee08e4dfcbe73a9fb0b975ca881cc265dc0d14c672791b3ff92ebb799f4f49d07d8812bc9e502dc31d12c01ca0f43add6d3d0381f89b093930b9940a25dc90abcd474d75dea79e7d8c86cbf9cc6586db99e9dee3f145fea3ed09051431346ef702abe91fcb789531b01d9c842365620336bb01e9f9cf32186c3accfb23dccc4e18d5e6ba74193e2dc8fcc539b9492874b1668ee7b5fce6fb35e29d14e1ef42d49157d44e1530cc2ab4d7eac77b67f6e5ad3b6c3e35976d5c94bd6a8b7b6923138b65ba3b9f443face33ed241c49d24d4d316efb75389c672fd0621f651ff00289e2f1cc2e986feec07ef39e7c4817c48d23778bc6d7a61fcdaff0048962f186e8a83d89fd66ad9e05de341ec4e2ce7a81ec228fc41cfe2fa01156782668145685568b8308a650c2b432b4595a151a030af0caf165308a6030ad080c5c1975781b4e1184aeff1741607733b9c0cd92068457520cf2ecd661d17990d30d4196cbf8e3180e5c450dd091bd7ef3c7f93c3967778bd3c3cb8e3355e90b8c8df79fbea0d5fac326642a850faea7b0a1b693cf30fc5f8654ad7293f8ab512e9e28c35d9c6db904fca786fe3e7f2bd739b0faee3359faa2a002c28f72272dc69c9c4b63f115163f29a2cef8b6f4c3524f4274020b8562bbf33bb1258d9bfa4f5fe2f06585f2cba79f9f971ca6a36824194b9373def1ac6454c9902396672c993032a41322e648a8b9532f28604832f297321126454c26416944d4832a5a54b40b16836690cd06cd0319a09da63b413340c6304c64b3413348219a0d9a4b34131810a6154c5d4c2a994194c2a98ba98553018430c8d16430a1a01c342068b8697532023ea2a6b33192075136528440d23648caae50cdd9498b8624ed74d6e064759bccaa051506a950c86202c9b940d26e690495b95b9370a9b984c8b917209b9972b732e05ae4169121a060326e5245c0b5c82654995260589952d209942604968263258c1b18443982632cc60d8c0ab182632ec60d8c0a318363258cab18102114cc9914114cba9933220229975933251706114cc9902c0c9132648244b0993215612c0cc99045c1920cc99032e64c9902664c99020991732642c48331a64c845099132640832b732642aa4ca133264228c60d8cc9908a318263326401b182633264019952664c81fffd9),
(5, 'Ford focus tsi', 'valami nagyon nem fasza a kocsival ezért olcsó', 4000, 0xffd8ffe000104a46494600010100000100010000ffdb0084000a0708151514171515151817171a1b1a1d1b1b1b1c211d201d1e1e1d1d1d1b221c1c1d202c241d1d291e1d1d2539272b2f303333331e22393e39323d2c323330010b0b0b100e101d12121e322922293032323232323232323232323232323232323232323232323232323232323232323232323232323232323232323232323232ffc000110800c2010303012200021101031101ffc4001b00000202030100000000000000000000000304020500010607ffc40041100001030302030505060405040203000001021121000331124104516105227181911332a1b1f0064252c1d1e1146272f123335382b24392c2d215c30793a2ffc4001a010003010101010000000000000000000000010203040506ffc40028110002020202020201040301000000000000010211032112310441135122326181a105b1c123ffda000c03010002110311003f00e59165ba986dfc63cfe14752046093e1c9dcf3fef9a8203b319661cf6c9a85cd492c53bc1e4e318f215c662bb04ab6a1252481cf0ff02d89a2238532a3f3801dbf7f314337940b639624c7a38346e16f28920e33b661c3367ce99446ef0aee1d8010f033cbc37f0acb68b80b067fc5926363cbe3e54ca2f6a3a5c93c8f4c41cf9d0c1208061c168305988766df98a7762b249404c9804c6ecc64178c3795414a4b070559824faf8e4d175c0052481d20e403f9543f884862c3f56c92739daa408a144e9c0900927c9c8faf85156b51054587eb8fd450d035be9123104b6dd249207c791a72d5bd296517248f180ffa50057212a2619fe7e1f5bd152b2472d2c58b78191b6f9c1f42ad680410751c74867f160c7d3c6a06f4388382c9fa3c85161c8685c00753b6f00978a8ddbdeec41661e648f2d549a2f7789138312ed8f2834555d24e4f83ede7997a02d84f68ef0048689cc3fafc2b350eeb02fb3f3678e5f9b5450b0c0192e3978386c78d6921c03a830f8f87311f9bd1624c2a2d05a87e17c3b3e1f3c9b6a2143020107a4bb43e301b9b40a556b0376df7d897f8869e5b515575831730a323ff00121df2183eef00b03269297f7496db3e5fb7854957fbb8c4e79b61ba97f3aae4769343177c381be661a39d67f14e0124e7f491f07e4fe8c63376e4ba5809825c96023fbf2ad26dc03a48c0c316801f7a0ad4907def5cf22cdd47846d9ad238b00c61b24bef873e343d0827117183c90c730d197c79f3a12169528869e85dcbc1eadd05113c4eaca0f74786de140b1c31d6c51a42483a9f66e72fcb3b4b9a10166858203120fca0ed86a1afd7916c64efb08fa34bddb6dee99c14bb1e8fe13e9bd492cdb4b4838f9023a6ce293130bec09498c8624661951ce673f950cf0ece132e496703049833889e9d685ad60b02c219cf4dce009fdaa7689d32ec18b38ce2498fede146c44f597c03ca19f1bd6d682dee83310301e0b6f243f8d69492a62093896c378f59f2c43191bca486e43ca793e3ebc2980252430339df38f80c473a0845b32ff53b72a9ac023493e4f81d0d0c70c97924863cc7200a70e017ea5c508a01fc3a7a7c6b54ee84f21f5e75aa390004dfddf0446e1de3a98a693701c42b0fb86c374c75f5a5ed243809018c6d2464b9de07a5196e4603c480e1b6c07927e14856116964eca49796c665f6fdfa56ed235485444898e9b0306a3c371a5310c367db9abeb9bc16a9ff0015b6e60ecedfd5e7ca81d91b964805cbe9e81ce5dfe02b11c43381b49246d0cd1e03d39bd192b4cc6239f8c6e27e1bd0d4a670d12dcb908dbcbf2a1858158728520b972fb81de304e1f11cb573addce19d4411dd7fd324b3005ce7ef1a8da2c3f096721b265ddb11f1eb5255c732cd1992f98f09f953b1a180ab89404b18c3ee206e60148df73502a20499893cd84cf5da975f145a0101a25898cb10e7f2a87d9cecce2b8db87d99648235aa19220c87725a5ba535072d871e414e92c921bac17e44b991f5e3b45e49ee021fe03c77dcd7a870df62b82b613ed02ae1197530277eea59b27d6ac93d83c0876e16d486f70628e1fb8fe267912570ccca673f138dbc5aa0bb0fddd208721fd713f0fd6bd3f8efb23c15cf702acab1aad98f0295386f06ae5f8dfb17c4a14c955aba93b857b324b34a547f3352e0fd09c248e55491bc3bf960cfe7535a1437186703a79b8c55eabec971bfe9a14c0c0b96fe2ea191e5e1557c4db21450b050a4c290d2088c0e53e4cd52d35d934d15decd41d59cf3705fef730ce75751d6b68b8b78239e3ab177e7f9d325121881cba783f2ac570cafba67afc5bc0479d1c840144901981c88990fe1f9f8508a8bca60b692d9cfc731fad3a942750493301f1261849e466299b612cd33ca58496390c30d80fe1426057da098d484e791046d01e4bc7a4560483b39e5d76938f01fb51efdb8250fdd1cbeec00e6768f2a8d849000248701da76e7e04f9d536d8dd811ef6932dbfa38f97590d47f69009797e6e3739e8dbf4a0aac90994f8100bbb82e5fa44b4e395690c0385492e5b98cfc087239515f43a64ae8494b806671b99f84fc7349bbef20ce0f51b1fa03c288b0a1ef1001d2dc8392d83fb56d014a54a4892c40627a8e61ba509028bb17fe2144b85308cf97abe7230d347b57946402724cfbd91ddc8db118334ea3b397a7dc053fcdc9fa96fcbc26a7c57675cb61572e14a104c959d2c984f7467931ddc0f0d144af8c590b4a63580493ddd44989ddc0f5cf3a02b8c2ee0bed13d0cf263f13ca8a380b99480a1234a141504be049900c0da954685380d0c08805c4183f26df01a135f64b41ae5852805871ccb1c3c3939c863e54252c992e7ab02edf16e80d4d07013263486f0203ef90a6a1aef92404070cf3e107a73a8248e83bfe9f068aca96b6dc7fda3f4acaa28793652082362d98f4e78a290025d9b72ece3382618bbfaf2a5d36b4b07766fa1e7f2a8a96d892f83bb39c9dbd735162b315695f7599ce91ce4805fce6734745b01a002c65df11ef6e36fa7ac4dd21c36f318fd3c9aa6bb40804824b897824eecfce2a869915a0873aa003f111d00ceff3a0a904f784cc25be110038f5221b0c2ed2817400ce5819eb9e5d62b4ab2ad4791d84f49e7e269120cdcd403824be59fc95cc8e70665e1b7a9259da064e5b7666fd6991c2a94198b0750f160c4ec700b74db34adbe1541f073befbcef07d6801aecaecff6b705bb64b9396e81cf3663f535eabc07096f87b69b76c000398dc9924b6e4d71ff0060ec68f6b70ec036394ece30d1cba5731dafff00e43e24dd57b22945b04848290a2dcc93f9456914dad1d18fab67aa5fbaa57c2a0ab840e75e7bd87f6ffda2936f89012490cb47ba661c4e92fe58c576e8e282865fc3d76a869a7b354d32b7ed3f6c5de1ec2ae5b01c1027672cfe4f5cefd94fb517788e2536efad25d2a28294b77921d8ce4a42bd3ad75fc6a2d5d42ed2b49d492083239397ea4579ff0063fd9bbf6b8a4294c116d5a8ac11203b40e7f2ad61544cbb3d1388e340415004ab963d4fad70ddb16169d172e2c15ad2a5af403a5cad50e402c13a475651698b4ed5ed1548b4ce5c152a4260bc6e77e59aa2e26e1d2124956904392492e4924810e5c9c6f5336aa8ce6d20282a25b49fea3cc82406d9e688b4731cdf98d98869f8b366b68e2925a3f0b4f53058e676ebcea68bc972a7622276803c99df19ac1e8c6c8210721243746868625f6f951d0b0c43b3eacef036f4a12c88003fbd1968621ba31e9dea1ad054015153e5bc3992183363c79350846ee06053a5c18d9b208819c54ecdc649720487625c7802713e5c80144e1827537b300c3ba9fcd81091e0c3f59a121d400073de953b338630e1c337e2f0663a369bc854b080d3d1da0e44b7856b8f4dcba0a11dd235174a79377606ec97a005a403ee85066977d5b89f29e4297083add2c0004a8e59f924493b7a534e871938f417b4f8308b8596e0b01a80648d3cdb21be34bda42ce80325b49042bc725a0032d0de54f5933890e0106586078bb5092e15019ce44477430e8ff2356a48b73f6747d9a2da18dc06e2db20964c7dd0407f12de02683f697b215c4db29425d4953a27de69219c3c7c474aa8e0ae2cb7754496cbfa82feb0f38ae93865ad2929d4c46ce43f8288939f75db76715ac768d1151f67af22d8d0b18613cc7468346e37b3917ee1d484eb5ba45cdd3de82fb8d2f0465999aad2cf0a85cdc4a086f79e5fc416fedbd40f6620cdb52fbbb6a71f0f784d371d0ff16731c5fd95e22db94045d4cfb8c15e614c5ffa4d54af85bc953aecdd047f29259f9796335dfa5cc7b4902525241e41b4991d6a56f8a4b00a292431ee93079b1f9b54f027e3470bc4701a54526e25c33f7d236acaefff008a4f31e9594f82fb1717f470176e004b6ff5ebbef51529e0a49338804007d7c7d28aa4b10ea04fe63991986dab6a402750597387ea5f383b7c3135818a06496104931240db13f5caa22edc50d4400e30790e9902698527491a9a0ee184e74bf3e7f950d5c480321de63c39f9d26c19bb8a500ea23bb8624bbcc0e5d70fbd6ad712497100869d8f5fdb90a80d2b50c720072218639446ec68e8e1920850df4872206f86971becf0c1803420bfc4281fa392f0db7d1ac5716086c72f00c249f0f08d9a846db07c970030101b2e3d7a54aca1414419c83bbb820f8cd2b03b3fb1e48b373564ae4790af33fb4dd837387b8a2daad28929501804bb286cdcebd2fecca08b24f32f8f8f5a5bb62d0502158eb5719b89d508dc4f3dfb2a8b26e69b8082a849770f10473af44b05480ce7ccb8e87c715cbd8ecdb76ee6b4a70201e7ceac57da8b1043f47f0e43ebca9ce5c996951d07f1094312fe2d1d3ca6b577894b1660e4e0c1f2f2ae7bff009b60cab47a87fadff2aa8ed0fb5094929b6924ff00343727e75508b7d0a4cb8e3f8a485fb3480e7fb91e20bfa556aede7488077c910d3d7cf0f55d63b595701252cc41243f87c98797851957886048f765cf51976ace69d9cd3bb1a5a753a4aba313989f0f1f3a8858823e398e67a4497eb563f65fb253c4ad7ed16b4a4010867248723bc088f097d9aba6b5f62f874a8155cba46402501ffa884fc9ab9b267841b527b45470ca4ad238a0b1260b0067a90dacbb0cbfa7854cf141f1101848325ba6fe75d776afd97b1a74d85145c6253ded40beca70e97e60c72ae01370a4ab538c831b960441cb13f1aac79a19771f429e3943b2c117f749239e96c86fbccff1eb26b5add244919719047c4b87e5f0a4c5c74867962793012e79feb59af496672cf258b27cf396eaed5ad3446c64a12c01921e472786f4f5a8a48f0626239e0bb4c52d756c53a89625e3a804fe8fcc547da172da5db901beccc37f80e74e854c7788be59cbbb6dbf22c7330ffb8a85be2777d38292a91e71e31d684ad44b893950d304b8f33fbe77a8ac150027ae4eac691820a79b36d38a38e8745e58ed10971a41ca4c073cc024160c092cce40e8d6c8b3dc4dcd36f063500a6e4749d01b0c072935c7f0eb4918707393900e52e4b367a575dc05d5fb142904901326230ce521cc7227776df6c6fd3358375b0e00d1ab4c271ef6a0040ef120039973812682bbba1414095f7429d25a09df9f839d99a8972cda28d6561da005299f2cc544851e800c99c89710b4fb3495214f001208076804a49e6e33f1ad7f92f66d7c65bb881de4a4b3a5f2e0b34383befb554aed8049ca8925f53c97762ec28bddb6428c039709e50754006180988c8a85d505778254304929290c5d8fa8e6779a4c71625fc5a847cc356e8ba3c4f8a5ff003aca345db2a56b60259c3440e61849266493f2a9d9070fdde5d3660d03c6868ec7baa1ef252c40d2a3279e1240e7de23e35736bece24db0eb5ad87fd3438c6752494920982462b9d424722832b97c2ea4a94e03fbd2081993a5e67c7e34babb37bccee132c4878260e20971c84c8c57428ec0427fea5cdb482a46939fbe19da5f19ad713d8880c029c12e74ad25cbbc241516ea41a6a121f0673b6f854a772e189546cefcf98f405f9b256c34a0827de3b621c130c029f38abe3d9d69246b2416008577b56cec34127e1cde98bbc2590a494a536c19d4c5293ba5d28530d8bb81470652859c7b2cb32545e4f774821a34151ef3f501be34cab86be197ec97a4b90194c43194f5fdabaeb2542e04770308249214630432b1b151f03b2ebe33fc45da0a014a53295adf607ba12034798357f1a0e08b7eca0470d6df2d3b4d2fc55ad543e1fb4eda0fb1d2124603bbc3e4e734caefa772079d6538fa3a21a450f11c164bc75e5d3abfca91e2109402a5b01bfab1c787cc55af1fda56d095a8a8129d45bc812cfc8362bcd3b6fb44ddb84ec0b0f0060d3c78db1ca690ef6af6d7ddb4584ba9a7cba5512cbb9333f5e35aad3e2bae314ba316db1ab3788c79f8d5c70a5376e2538c3b9921c63ad50209a222e11e8294a2981ebff00657841c3d92a25d6a33d36d2db1e7e436ab64aee2e467e9abc7784ed6ba8034ad400c078f4ae8780fb657d09293a56fba8171e04113e35e1f97fe372e4939269ff0047662cd18aaa3b852cbbbc8f9d438fe0785bc81ed10945c54fb440d249772549c104e5fac8cd7296bed6871aadf8b2bf2233e75d1701c522f0d76d4143704b11e2098fef5c50f1f3f8cede91b4a58f26bb39de3fb017695002e7502e194060312ed2203b172cd54dfc39528c10c4b0e4ea254ea00b28e3c1b93d7a12c25b4962367014c7980a0455570f6ca6e7b32561395841d0ed89431d1d0327a72f63c4f25658efb47265c5c5fec733c6766e9b9a54ad44a52748500c4a4103bce183b636187028b73b32ea120e832fef11a89c88610cff0058e938fe35215a10820258c9241391a4151f4201f5a0278a1717aee2523670f6c90fb9054a8710cc7e23b542cc5a450f07d9eb2a246a5ab0c13a99db5618336221ddcb0a757d8aa71fe1f792ec94c9cb85298b412fb6007ab7b7da16c5c7429369018eaef25300b82a2415987cc475ad71379376e03687b58254169ee900e591a1c4e54082e330297040e3685b82fb3c02352540a828ba1400508612a0411e2d0edb3b8ab6b45a169d0a5a893ecca172493a45b29b4a4933972d123685ae2d256162ddbd081ee2468770ee3bbde0367003ea839a868b97cad566efb2b6a30925cca4406c098da69c60bd07487d43d9d9285146a3a98dc3a8cc8d2849081e31e2f55a95ddb892a26ead239a9452081829d040f12a3076a493c385075de2ab98d2a0e52753162a93319fd684b4294a40526d682a024308240c820a5e332e6a920b35c3a93af4255ed1442d4a2884a4f21a4b2b70efe9445714523b8a253a49d24330d4c79ba0abea687fc22c2bd9a6d8485ead22dab4051970ecda631e9ce97b9aadb2540a5694a925243b050305461498db60277a36219fe36e88d023f0a5c791aca4adf176520029e29c09d263ca315ba9b2b675cbe282d09ba148f68827585153b07600a965a25fe5bd72fb6095ea49d455dd281923f3f3aafe1b822a4a945174a41f78a54a66c831239e3791473aaea5acdb21cbabd9fb987041537b3561a4b834e856368e2eeaf55bb683a47bc8584c3c97980ee41079d56f0b794b495248013b139719792079e6add7d9a6f2032937481ded680083f84ee0f88daa1c759176e048b4d7127bc34884b390147ba43b31a74856693c3dcba1173da85c0743e850dd81d4ca2e4e4a69255b59d452aba6d2366258b0fbbef43f9374ab35a95fe5240223df0c53bb6a037e80e7ceb17735128b6916d43fcc00b277031ce082ce47c25c58d153ec14da8217a47de24e91d7499f3c7a54b87b88d211ecd1c85c4af4b28072a3dd24187673314fea4e84a5ee6b494808046851784c3320c063f1a63895e8b88ff050a0012c90e14036cc07763de6134c28a3ed34045b06d8d576d92b370124a817f79dcc0da70f5c8f1fdab72e172b3b43f2fdebd1d5c5db2a7b634a0b85b24170ee430873b8fcea9bb77ec8db59d76541008700070771e14b925d8d26fa383bfc42965d44924927c486f9450497ab7e27ece5f4bf74280e47f2348afb3ee260db589fc26b48c93e84e2c54e0f9569a9c4f66dd7ff002d5e86ad6c7d95bea0ec90f8fae74dc9215328526b7577c4fd99bf6c3b05019d25cfa339aa6506a69a614492aa226e373a1db42945921eacf86ec4b8a21d803594f2c21fa997184a5d213f6a4aa013e0e6bb3fb0fac8b8a24e82c07556e47937d0a9766f6622dfba03f3dfd6ba3ecce017714c0810e49c01e1b99af23cbf3be48b84577ecebc78787e4d92bab667aabe338a02e1520804048259c30d447c544f953fecaea6ead05256104be9203820e99259c862d9f9d0789b09b845dd36d28fc2a58054672dee9c6e0987aaf07c5941f297d689cd95497142bc4a522da15ed5ee1539111918fba04474cd2bc55956a6010b2402430044900246d2153be7a06d776d95a35db16d3f7bd9a6540b36a024edccc9addcd26e245a40b43035ba75431042a41666499eec818af551cb203c05870a5aae21252602bbc00e65dba8c3020d156b5e837576d5a0848d413a6244805c83cfe0f41421497b674ca802b25b4932a2001cff009b2d4df1bc56836edad62ea10069b6084a8162125610e5496d4db4ce051bb0d0af04116dee5db5ed1240d293206a30c14ee0c00ede1869f68a0fb4ee5bf60560243f7419dc9040c8c6231922bc2da97ee26d001991a58a9f0e0690679179a5169376012b4a55f788d2a022490eadc7ce87a1a32e1b690a4957b4496efb6a209049893332271d498f17db97ae23d9a82408055b38620803bc0e0b0101f95457952d3fe1868086c1009771e07cb3495f55a8d7715a89720900f8188faf26a37b64b75a366f710a2809505b9eea8283ead806df961e033d06fdb5f788bc6e12fac290b0a1383ad2080ff1daac5172da82fd9da55c4b0d4a533a723bab48930f1ca7a6f89e1ae01ad7ed1d401490b46ad2d85756e9bcd1687426a4df4f77588fe4b9ff00ad655c2b81fc4a293b8d243749b67e66b29154c682d76e42d797588264b9298dcf2dcd16c71e955c64dd525f2340d40f354372961b727ac45bfe47182e0c1cc9e7f974a79170fb336ee209014a29d2c59fe45dfa73e543642455f15c029257de2a57bc143d4823651f11d0d017675b1494a3f133951d83b8639dc92ce62ac57c1a569200d2a3ba5ed97c194f850076714685aee3a1ddb412c5b73a893e27f4a1307a13b37d36d47da31d9d4236008ccb0ccd59d9b76f41529cbceb1aa46c1246472e75b458415a88515a40ee82d22015392c43bb466a76f2c8d41c906090012ea310772de3ce8937e868258b16bd920a6d11703292bdf53ea1a9cb90f044eec68162ddb2a737149bc400ad40275013dd70c53fd38e428a6d93dcb6b502180796db71240d9f6cd2cbb7ab5da1a2ead9dee73019929d3919eeb64628d06c32bd9943a540a90e0a02bde631a4e01c74f9d35654148d2c414652a62dfee0e0fa938aafd772ca1294fb35a25b49d25cb9970cd92e3f7ab2ec9e01454ab9734a4e1210e00892ee35bbe48f28ac334e308b723482b7a11e22d89f85256ed0531d9f6f1dc0ae8af765a8b9490af1fdaaab88e12e5a674b0e8636dc6ffb571c3c98b7566ce0c970fc3301e14e22d618e7eb1f5bd256b889cb667aff006a61171f1e6df589f8574a664d0ce9e601f2aade2fb0386b8495da492724774f994907e8559217cfebf4a3a544ee19b2e4fd1f5ad14a8968e697f666ddb9b61439bb7f7ad59e1da19aba0e210929d5abfdca3f27c79552dc5310c725be75e679eb69a3ab049d531de0f850768fadaba1e06da6d9279800f4fa7aabe197a521b35a55d2f9af3d3b46b257a05f6852b1735a165295253a98c12e448c80cc1c4c0c35505ab4a510928d1fcc6e1ef06380e7bac1dd80889c754bb36eea40ba0c61891f0c1f37aaff00b43c323fc352d02e5b065d20ee1810c58e594d07c6bd9f0fca84a2a0dece2c98a51768acb77122e6a37ad86f71770b254ccfa12e3507697db315975656b5123da86001b60e931901dc8901df6334ca38a0b56a45b02004a44264c159267076e519261c570e10e45c0ab9b8b7dee6e5c63e1e673de660787413dc28054cc4fb4521b9ea4e8832227ceb566c282cdb0a4013a95f87c224b1139e628c5169d2eb5a901f5ad6a3de2c1bde9c0698919a0719c45b3ee5b06de128ddc092011de198ce488a6b60c1f1dc2fb301956ca54486d64ea82492e3903cc628a2d29294ad5ec9b6b606c3f9a36d9800773150ece484a89470e14b5064c201697943910d230db51ac9b96d45013635b4ad47594c60843b10d8243c50241efd84322e28f0c47e008d591f7c9577c01b44cd2f7eda6e5c3169d836c800833a54a824bb32879d445b1a8a94af6854da94a0c09fe5482ccfb127e5446653384bb77881030180600f46da9595c456d708a485b3303ff4f4b3b78a800075de8dfc22080480825c294e02824c3829763f3e54ea11ac43e924872e0307ca7f0f8d16d907487d2df798906083dd6cf88f8b1a1218af11ecd6a2ad04bb495198e86b29e213fea5bfff005fed5955620085a920a947fec7563f1020378ecdd6a48d6a0083a4f4dc30201490e0e7951aea2e7bdf767bc06189cc92cfcc72c56290a8749516c3b2a07423c7ce913d00514b804e9218ca810a98048671983d472a0711c52d69052181242c25d68127bc0a4053b8f747573132e32c3a8e14370a12d879858e65ff005a5ac2166e04a4324644249019c203671e1ce81fbd84bbc52cea700e90fad4156c887649ef1766676c877cd455745b4a120f7d24aa0929905dc80cfcfe74bde5200652aedb592c401055b6d2f0226b48e26da1292e92a305254756e0048904e761276a4edf60a91677eddc5db0bb8a410e1cdbd9b778dd818c0cf20f03755ad917146e9c69019bf9c2b61a4e391a1004a16bf676d6c180212e19fbccd27f69abafb3b7f52492d07482cc58019f33f0ac334fe38b654572745a705d9e8b2359425570fbeb69739d3c92fb679bd41770a94407a9f177761bd4f8440001e75e165cbcdecec8c78a0f6904000c9a4bb62d2ae0601c55b20736eb48715c73164b0aca4a8a8f6717712ab4a29b8921cf7544679b1c3fef4d59598893e5575c4a9371252b00830c6a8936c217a49805c3ee3eb974e75e9789e4a97e2fb32c90f63b689f01f5f5e94ed94be5986efcfe5e14926db31faceff5b53dc35c6cf87a7e5fa577a66143e8425a5be1f3ae67b5ad00b052a41632041e91bd5bf6a71fa111ab070db7f547c6bcdbb4bb616ab8e14a8e71e2dbb7473b51930acb0a084f83b3bee1960a4351142b96ecbed3500090e0d5aabb5c7e135f3d2c52849a3d05bda2d416ac5b2d252a9490c474a4780baabc59c2453ab1a60639e6b3a69a77b426bd146bb412e9096009722707d4c6d45baab7a023d90492ceb2028f32d8d2236db966ae928414ba9292f0f83079bcd29c4705f792a4907030c1babeee6beab14b9422fed2679d254da2a9297e4e71a53a7e2f3ead4e22d70c2dbfb45ab8863dc4b1524ec149d274880e4f7705e01a894292f1e9424de586298204121c7ed156d89221dd096b774b2b56b4870c5d81b8b76cc11cfcdd9e24084359495369b7692e480478a8a43b9309143e1b885024920a9449750d41f18208c54eca961d96a723bcddd7e83603661426144ae0c27428103bc547ef3f8009e7fdea203180097de0fabf8454168582c92402c488276dc98dfd0b56acbb160ac1624443960c67c281a269480c087f423a382d2fce8fad1dd59480a4c0630fe679c5276d4b51035141d9d440fed20cf5e8c54150949d65fdfee94948d408008220fafa330a25754b72c2d7c7ff006359454f681ff4c9eaa5d9493e5b0e5d1ab2950ad85582081a73a70fe9a83479815ae18020a4013de60ca9c872a700f94ccf36389426db02e14ac31248d9d2e9e646de143e26cafde2826086e67c249f005fa668a2487109d3fe2129f40c1fba3531c313f779554711c52940f73536e95005c6e1c863e07c9a9be36e2748d1ded3242d20accb241208813b93514808009f7a3ba1cfa9da8402bc38569d6a370ad9252750510a9824301923cce762dcbb714a0a526d9582faf04f45a0b83cb3cb95115789d9bc9b661bd4916c438a194812f860b5294a127fd3746cdb10fe79ab8ec921292078e5eb7c35906008ea08f90a697c290404f9d7179cbff166989fe46d65e4d3166eb500db3bd197648af9a9b77477ea835ee25904d727dac2eaae23405311012ec54fbb472cf3abfe256c18ef49a6e11839aeac3938edab2b14b83bab217ac24dc428acf709ee8c2a1a6607ac72a43b5eee828b9fccc7c0827e63e35963805a6fdcbaa582923ba012e5da08660031f1f5a176fa355ad3cc8f85753a8ce14ed2aebd5f68e74b972d558c58bc143ba7d67ac0f3a752b64929670c20cc3e0187ce62b94ecfe294084ab6f90a7fb43b4c5b4030e77d86c1878c57ab0fcba39e5ad30ddb7c5a5499723624c03962007073f1ae1f8e5a4aa3f7e9bd47b47b54dc249f789921c381d2abf53ef5d708d230933b4fb3d6c2edbeee41ab45f0d55df64dfd917ceac790ae8d36dfcebe77ca9d6697d59e8e36f8a2bf83b6a4a9c03576aee82a5401ce89c35916c6a2cfb74ea692e27880a32a469e4a21df9b4d678bc7796439e4a562c789493bcf87ceb772f240604bf2cfed4bdf36c369727a61fd31fb5014ae667a0af7e3f8a514713ded855aca8b9a19507827ebc6b48dc97fae75b52230df5e14365523495e983f5f0a2a2e13f9448fdaa2841393b62b148cb2b7e5400737090c5c781cfa628d69487ef275ce4972277c7597a51258cc8f1fa1f0a1121dc378103f21ca9a95057ec5e1e0ecdc3a94403d4f420b24e327c7d285c5f0694b695a74c3a5d99a06949cc0d9f15568e28a60133caa7678b59215b07c89f3fdeab9afa21c46bd9ff4fa1acadff1fceda0f5d227e15947c911531ee178536d454a740510124a0152df6cea1e628c38609b8a5dc074fdc2a2971d02525526663c9e817b8c4a8e8b96fda5d4bfde862c5c3620e481e2f59c3ac8d69b4b5021b5294aee824021800659b7da6acceac322da6e5c2c81a0085777bc5e41700bcec0f88dd557076ee6a2974005817d4e433ba49702b05db6ea3750a5284130a30372a5fca9de26d2929d4f0c0e952b5303b0484c9d9b5353d08aa470886ff3501807d519ea971eb8a1dc494a887496dd25c4e3ea2ac388b49282af6631ef0f649cf20429433ccd6f86b215012145818b7a59f992b11992cf52d1498bf66de59b894a5a72fcb263c3f2abb4df48517d8b7a52a84aed00161924b6a70c1f008498f1734af1214bb8900a025c92424cc34aca92ed18ae3f2bc5965ea5d7a35c79147b45c70c35a9f614f2ad8aa6e1fb413699258a59f582f3d731e74d713dac103be85241c174b4f8a81f4af25ff8fcca5b57fc9bfcb17ec57b610094e9f780c73aad093e14d1b82e296428c162486486e4a79f2fd1e0a525c00a492603281f2032fd29cbc6cb05fa5ffb348e58bd5803557da849603693f5eb56fc4a3d9875f747f343f83e6abbd8a940ab4a88dcb12079d446325b6bfa2f92fb39ae354d220d72dc6716b5a8ea512dfbfea6bbae2fb3d5701d282ada0571ebece58bc84941652d208009dc1208c82db66bd8f05dc4e4f21a2b516c90a53425b57472c1f90761e62a485559f1fc2dc4db4dad0a4294b0a5821b52d614a406204212e3a294be8c9ff08cbf668216a01d78094b4a9c93801dd458457a08e5b3affb25c7050f65850c1dc8e55d98425024cf2e5e35e71f6610bb7c402414b2547562082033cce4749dc5747c571ca59d2213c9c4f8f2f035e0f9be3de6b5d7fd3b7164fc763fc7f696bee85101e480e5ba4d562169cb973b1497f1e47f7a0a568428ea1ac10c5b22410428e0c6cfcb7a95a12d3882d27e35df8b1c6114919ce4db192f0de94408230dcea36d0a05dd41ba7eff009d3bc35db693df41575c7c1eb55126c5c0583f748e83f503e14645a51fbaf3b37d7ad599e2ad81dc4213e227e4ff002fceb49e3893dd0a27921947c3482cd57c57d85b2a976549958291ccede25c30f3adab8670e447881f9e7a74a6b88e31509d4a779ef4630d07e3b52abb8a511a7de71c9632d21b7ebcfcea5a434c1ab48c87f196c6f4455b437bf6fcdfe6539a6fd9059045a502dde0492092eeda5998b379d0f8becd50d4b420e8d4ccda88c9c9931f93d4a4dee87c921642143013c804a925db3014ff000a98048681d18f9fa50d285864682eac0d21de704e3ae3e14ca7b36e1fc1abf002927ab252e037951c1bf41cd0109fe6ff00f91ffbd65383b1ee7fa5eaff0092ab2a383fa0b8fd94fd9bc55cb970e9d205cd4a5063a80063792c44400f53ed7e17d95c51ef3a12083b9776f747781f4a12d3a74a91a10a29d9c153327bb0c48209ef6c25b35bb8bb9a025dc2125961ae0d24ea00e951d4a72414a7abbc1adece572459dfed141426de95414bdc54827532f528e21c0009cf2ab0bdc4da4116f4052b492962030104a889243b81b9135c89b5ac00b9de5a419f93c36d21e8c6de940d0c034e91a487e61f4b949783c800e0b9cf44f32d97782569d042d9941c4391f2041f81c53bc4714b3702429c8482084c328490099949c1ae5d04b1f758962e18821dbbc9c8e40c4bc53d7b8eb8b520ad656a492a0fddef12ecc20f36ebb96716449094fecb65f68be948016b9ef69249625db490523ccd6af71decc275b2d4b1a8151d7dd20e96e5bf527caa8389be4c88df2d2497f18f9b52b7f8d30a8494b01d32479b0fada5e40793e8e96cfb277b892a528f750090c03125810c753862587caccf695c5274dcb968bfbc9025f91290c672c363d0d70d738a53825b5687031b43cef2ae4d46e1bb4d4957bc42bbc12f0c0fe10ddd2661b7e73473684a674b73b5120a508053b925ba498ce327a54b82ed4402084a524ea20b82497c95312037765b3d1ab9d37cbeb53f7a7bd1ea773d5a5fd1755d892c002c091bc4f99773fb04f2307919d71ed3d7734ad6121c32545c288ef36c13803772466687c47696920a14183860e9e64095107380d9deb931c5aa460fdd501892c1f001723d2a1738b56a2ad4433e2418d89762357ce4b397cf41f233a44f16414f79249092e3c008813824f356f24017da22e2cad2a53f7d2e791524ff00dac15b978c4d51da5aee92949061665f1a0a8b8073dd101b2d45b88528a74b25050c92efbb7383a811ca12cd9a952740e6d975c47189283ad295a7fc4484abbfa944b871880a11e1bbd1782e2fd92190d6d0f8480c75392a3a7249d5e806f55370393aa33906493a96c060e013f9d0ef36a0ea8109184c24bf887021a7a97a14d894d977a93a8a85bb654b0e7b899882a2d2a392472de2995a2caf4055bef6068d2976e60062feb9ae76df1850d87018804b14b95378be9de006eb44ff00e4581ef3e771cb1ca48db9bd4b945e9a1ac8d6ce817d9dc381a9504362e00d30e74c120e36639add8e078629495294da4156920312c4377598b2e3c00e75409ed05330ead30368cbbe0bbc0e95bb7c7290a00e953399192c121db96927a9f2a6b225e8af959d7f07d9b6127520050613719603e000cc4efe9cc3e71bc00502d6edbec52936dba14a60f9f2aabecfed649512b2e5c8710360e5f0e4a640c0c8c55c5ae3ada5dca67009486cb86e8e07526b6528b2d64b016fb3eda504a9087e4e4759e540e038a5f792870840c212325d86330ee64f5a57b4b8eb4a5003deef4a4388c677668121f0d279e5f6ba92b0b4b064a52c3c0b99dfbc4cbb6a3d68734ba14a68ea78a5a6e2894fb4e4429a1a36f49de8abe274a74dc0a1911a00767018080d5c6a7b60ae6753f8193ee82e4b000873963ce59576805324e91b812020e0b02e4b81b4b9dcc52f9113cce86c29c6af6aa40d849600025cc401b89834cdbe110b4baaea01ef04a4ea52cb162e14a3a6769ced5ca2b8fb9a89309c1883e2e599d864e48ddccaff006b9b851a88648220302181724bbcbf59ced4298733a0571decfb8e0306f78005f7c74a2dbba824294a40797d6430f14815c9904aedec1409510006014a9d5b82938866f0ad5d4850d05e1b4904921c32a4ba410cf950059f2353e6d87347596fb4ad2803ad9c61574a48f10e5ab2b970127f179107e3bd651c98be412b2750730372c7c84751bf4a6d052b253a221cbf7925a09019dc154727cd2dc3ab42ca76e59cf8f57cf3a3ab8a090e34ba89f84309991236662f58c84d51b59018410c595d1a6391259b68a8959754104063a9b227e04d0ae17494ea33ab1b47dd2dd36c8d98bd46ead4968c925b03244246efb731352c9a35ac4ce7e0000011d63c812377a8aafe00fba7f3cd6d64a9d9d2018862c409ea014f8c72c621035343e3a4b4bf287f9b54b26832d61983e0b92c4b28804f984b747f40f136c91a753160ccdab3de112469fcf240a9846b94a4ca4b69762c3fb7c302a28b4cd8312e92f9ead2fc9b7f0a6a54062787243f33b618c41f01e832cf44b5a1443fbc43023bb98962c24be3f2addad25ddc003bac430533170044361818c50f88b62485a88ef0920eed25c066dddcedb1aae56324be292525206cea272486231819e78e9492d4490a048770c060bf78139c330c639d316b84241486f6809d47a9380c4a4fde112e0c4d16d59290c4e790610cc396a6710c1ba38a72543e8445b2b2ec5059c298e97c004fdd048838f00e41387b0024ba54a56db33003c5476d318ced563c104851818d27e4091821fbbe0eef90c26c2351d2b609d2123f0b14fde7ef6e4be4bfbc6496210ecbb6ad60fde217a72d82028826094b9e5cd9c53d7ad85272d242624305157f54ac758d8c513dba0a410741cae5c17790f3a63dd26349880c251e4b009df4bfba003bf7818326356d52e43a356b85004b1627565f4a748487dd9949043ec01204810a09751e6143912c4346258ffb5b770c2d658e821c103620170ce3930525f66352d09f6842b98289233873b866e464ee5e810b9b215a8060551a4c099731b17000fc21df715fb48748d800edcfcc0e43c48d9d83ea211b3282492c0109d4ad261c6adc3f2f0a4d4b0ca7660e5ccbbb94ed22757f6729800d4ce942839c9f9c990199c74353527bbb4f30d0f1b038193fa51ee00570cd239bf79dcedb81e9515251243e96662043177df560cece625c2a0152b070fa8982e371b8e5f3e95609baa1214a7720346402a6f33fd9e848e142bbaa569512480d00615defba609623ee82480ee0b80a590da4a4a9c9e64cf765c1e6363ca9535b009c46c4a8a8382e992cea0c261c17270f8702a37b85b614cee5c8530104b00cc6400c3331226a3c3933bb3f874c9ccd154213a04ea6240677c111c92c7f7ab4c76092940d2ea609901cb9c072030488de4c333ccbf887d83100800100060c13d70ea67049e45b6841ee90353fdd24c930600887f3239bd438c46956a62429215dd72a01863483dd0ad49786d27667a4ec4450b24124c070e219c1c3e339318e951ba1284f74c12e5cf432e030de3fbd09569db74890cca121e1c4e24e3966b57ac2b50018af2d0e010082a510f8cb082048062a86871170901cb02cccc1f2181302606f533759926073f125dda20be3a98a4858564fbc90073618f20f048a258e1c83a84e0e1b70064bbfa7e88458aad2e196d0339760eedd5eb2866f6c57220b29231182091f2e515946c04ca005a1800fa9faf7f7e749f199077d39dfde3bd65655becd643363f2ff00eca678d407218332636c818f08acacacbd9265f3dd5ff50ff8fee7d6944a8b89fc3f9565651ec9976336546677b3ff0035561109ff0077fc8d656567325f4451ef1f2a27669ff113fd407969547856565111a18d2352a3250fd739e7414615fd47ff003acacab9763910b6a20962d00c7399f1a62fa4398d8fcd559594c3d1149ee7fb81f3ff000a8570e3cbfe46b55950fb1218b65d16de7fc457fe3fa0f4a00f791e2af91acaca6fb06337654979ee1f99a4f849d6f327fe359594091ab5bff58ff826a08c0fe93f235baca90435c27bff00edb5ff001150e277f050f2d58f093eb5bacaaf43009c797feb4df052a53ccefe0bacaca95d88070781e27e753bc3fc1077744eff00e61deb2b2aa1d948c4244c6d73f3a2d9f78f554f5eeefceb2b2b41aec9a7fcc4752b7ebdd5508ff99e67fe48acaca4fb132bcd656565508fffd9);
INSERT INTO `vehicles` (`id`, `car`, `info`, `daily_price`, `image`) VALUES
(7, 'Mitsubishi evo ', '400le\r\nöszkerékhajtá', 1400, 0xffd8ffe000104a46494600010101004800480000ffdb0043000302020302020303030304030304050805050404050a070706080c0a0c0c0b0a0b0b0d0e12100d0e110e0b0b1016101113141515150c0f171816141812141514ffdb00430103040405040509050509140d0b0d1414141414141414141414141414141414141414141414141414141414141414141414141414141414141414141414141414ffc0001108017701f403012200021101031101ffc4001f0000010501010101010100000000000000000102030405060708090a0bffc400b5100002010303020403050504040000017d01020300041105122131410613516107227114328191a1082342b1c11552d1f02433627282090a161718191a25262728292a3435363738393a434445464748494a535455565758595a636465666768696a737475767778797a838485868788898a92939495969798999aa2a3a4a5a6a7a8a9aab2b3b4b5b6b7b8b9bac2c3c4c5c6c7c8c9cad2d3d4d5d6d7d8d9dae1e2e3e4e5e6e7e8e9eaf1f2f3f4f5f6f7f8f9faffc4001f0100030101010101010101010000000000000102030405060708090a0bffc400b51100020102040403040705040400010277000102031104052131061241510761711322328108144291a1b1c109233352f0156272d10a162434e125f11718191a262728292a35363738393a434445464748494a535455565758595a636465666768696a737475767778797a82838485868788898a92939495969798999aa2a3a4a5a6a7a8a9aab2b3b4b5b6b7b8b9bac2c3c4c5c6c7c8c9cad2d3d4d5d6d7d8d9dae2e3e4e5e6e7e8e9eaf2f3f4f5f6f7f8f9faffda000c03010002110311003f00f925bc41a4dbfdfbe817feda5576f1868716e6fb72b7fbaacd5cec3e0f8517fd5d4d0f872155ff0056b58a71ee763f686a49f107475fbbe7c9feec75564f8896bbbf71a7dccbfef7cb436890ac3f2aad5887488f746bb68ba15aa3ea55ff0084fef25f960d2777fbd2547278b75c6dca9636d17fbdb9aba0b3d2234ba5f97f86ad4da5c6b37ddfe1a2f1ec35197738b8fc69ac594ccd756314f1b7fcf2f9596b6ac7c79a4dfb2acecd6727f7675dbff8f5684da6c6ecdfbbfe2acbd43c2b6f756fbbcb5fbb4b9a3d83964b6d4ea34fbc68268eeb4ebc920997e68e7b6936b2ff00bacb5ee5f0ff00f6daf8a5e01f2e1b8d523f1569ebff002c35d8fce6ff0080ccbb64ff00c79abe45b8f0add6972799a75c4b6adff4cdaa687c57af697f2dd4297d1aff0017dd6aa5ccbe1919cd466ad5227ea67c3dff008284f80fc4ad1dbf8ab4bd43c2778df7a755fb65a6eff797f78bff007eebe95f07f8a7c39e3dd37ed9e1bd6f4fd7acfef3496170b3797fef2afccbff0002afc36d3fc7fa5de6d59d9ace6feecebf2ffdf55d6687af5e691790ea5a26a53d8de47f34777a7dc34322ff00bacadbaba638aa91f8b53cf9e5f466ff0076edf89fb84ba5aa558fecd8fcbafcc0f87dff000503f8a1e0b10c3accd67e33d3e3f9597548fcbb9ff80cd1edff00c795abe9ff00875ff0513f863e30f2ed75e6bef066a0df7bfb423f3adbfeff0047ff00b32ad6aaba975382a60aad2d95ff00afbcfa626b7d9546489699a578af47f12e931ea9a56ab67aae9d26ddb776770b346dbbfda5f96923ba86e373248b2aab6df95abb217679b2d18ed8a9fc3587e38f0fdf789b456b5d2f58fec1bcddb96fbec6b70d1ffbaadf2d6c4df2543f6864f96b5b36677b6a8f8f7e237ec43e32f146a926a0bf13975cb8fe1feddb39176ffb3ba36655ff00be6bca7c41fb1e7c5cd195bec7a5e8fae2aff15a6a1e5b37fc06455afd10b8976ffc0ab3e69595aa1e1294f568de38a9c4fc87fda6be0df89be0f4de155f11b5b4175ad5acd70d6969279de4f9722aed6936ed66f9bf8775781c7a4c97523322feeffbcd5fa05ff0518b8b1d67c55e0db78af16e750b1b5996e2c97e668d64656566ff007b6b7fe3b5f25e8fe0dba9665b5dbe52b2b37cbf7abc8ac9529b8c7647bb8797b4a4a4ce06cfc39bf6b4acab5ada7f85d9e6da91fcbfdeaf4a93c2fa6d869f27dd7b8fe1fe26a6e9f67234cb1c71aab6dddf3573f3dcea38db7d0567fbd1ec556fbab5d1697a2436b70accbb976ff0ad7451f8523b285a496466dcdb9b7575cd158dac6b0dbaab337ddf296a1c9a292d0e76cf4193528dbecf0ed55f95a496ad6a5e128f4dd2d649649256f957fbabf7aba4b1b5d4208669228e282393fbdf7aa4d3f41fed6d364bad46469fcb6f9564fbbff7cd4b93ea248c9d2d2c6c176c4abe637dd58d77539b4ebcbdb8dd142d12ff00b4b5a96ab6761756b26d795564f99625ddb57f8aba0bcf15477bba3b2b158a3dbbb74bff00c4d439296e56ab6381fecdb8964686e249258d5beeff00c06ac5d69b6b671f9712ab36df995577356c7d8e3955a69d99d99b77f756b5b49b2b18adda47dad2349f757e6f9692ec37a1ced9e8d2259c2c90b6d58f6fcdf2d6d69be08b8d5ace199e4dab27f0aafddae92d6c2e35987cbb1b75687ef46d249f2d6c7f626a167a5f93f6e58a18559b6c6bb7fdaaa56bea272ec71ba87842c7445dad226e55fe26acdb1b266b556f264658d7f856bacd3f4b5dab71731af99bbe666ffe2ab4350d534db5b568d24f3e46f97f70bbab5b5f7337238b86ea4b8b56558e3895b6b2b7de6ffbe6a386d6e2d63921f3a758e46f3197fdaab90e937db95becfb63fe1692ac4d6579adaf96f27cb1af96ab17eed7fdefef7fe3d5932f523d360b77b3855f7337cdf337defbd5b90cb0cbbade25f997eed64dc785ef2c2dd66db1aaaff12b55ef85fa969f6575ab7f68ed6dde5b2b7deddf7be5ace43b6972e47a4de3dd437102a40cb0b47b9be6fbcdfddff80d36e3c3370d672492de4ad2798abfdd5ffc76baad43c65a2a42ab15acaccdf75bfd5eeae7754b8bad657c9491adadf72b7ee17ef7fc09aab953d8c5b6b736acf41d374bb88574d8516e372ac93c9f37dddd5a17daf43a5dbc3e7dd4112afcbe56edd27fdfb5f9ab959bc391fd9fccbfba9ee7fbaad27fecbf76b6bc1f616f169b7570bb5a46b865dcdf2fcb4d53698f993472ba85bcdaf6acd7167673ac6aaaab2347e5ff007bfbd5d059d86b1158c8cbe545237f132eeaec2cef747b0f2e4bdb88d57f857fbd54758f16ff006b5acd0e97a3de4adb7cb5b99d56183eeff0fcdbbff1da6d27d44e4df438dd27c0aba958dbdc5c34b3c327ef1555bcb8d55be6fe1a778bbc256f6ba0b476b0ac122b7dd5ae934bb5f105be976f66bf64b186de3f2d5955a691bfdafeed73bab687797bab5adbdfea177e5c8bfc33346d26dff776ff007a938bec38cecf7391d0f46b1b5ba8daf64820655dcde7b2affe855db693e21d262d2f4f852496f2658563682dadd9be6ff7b6edad0d3fc1ba5dbcde64563145237de6dbb99bfe055b5268d6f6b0b49b96255ff6b6d69cafb99caa2969632ee3e244d6ad6b1c1e1d9595bf76bf6b99636ddfeeaeeacfd52e356d67cc865f955bfe5940bb76ff00c0ab3f52d66d62d5236466b9685b73795f33558b7f10dd5d6e92df4f9e5ddf2fcdb556b295ef64cb85a2ae910dbf856f278feceb3340cdf337cdbaba087c0d6f650b492afef3cbdcd54ec65d7352ba91628e2b3685b6b336e6ad26f0bdf6b90b7db35cbbf25bfe59db7eed5bfe04bf3565ec9bdc6ead9ee53b1f2e2d1ece41f75a356dd4dfb459c4b24d3c88abfef56e47e14b7d396d6ddade7b98db72ab6edcb1fcbfc55ccf8eb4d874db5b558a3581bccdcdfdeab70696a2e7be898eb8d661fbb676b2cacdf759576d64ea0baa5fdbaacb6b159ee6ddfeb3ccaebaced77dbee9ff00751edfe26aa3757ba7dac2ab2de45e66efe16dd4725bd0ae67738b8fc3524b379d71752cbfecafeed6b3750d223d3afadd5638dbcc6ff5adf336daef2ebc47a5dbc3fb986e6fa66fbab147f7bfefadb5cbde5aeadae5c47709a5ff0067f97ff3de4ddff8ead55935a0b9b73a2d36d618a3fbab137fb2b5a0c91ed555ff00813560d8e9dac343f3de468dff004ca3dbff00a16ea8754b09a258e396e2e6566dabb9a4dbff008ead74aa8a2ad6316afbb36a6d62cada431bceb1b2ff0009da28acc974ad1ed9cc661f9c7decaf7a2a39e463a773e3e5d5eea2f95f47b96ff6a2656ffd9a9abae5ba6df3ed6f22ff00b7766ffd06ac46fa922fdeb597fefa5a6fdab5456f9ac626ff00ae537ff635e9bc341eba98accaaadecc8dbc43a5f93f35d2c4db7fe5aab2ff00e8556a1d52c5a48f65f5b4abbbf8645aaeda8dc7fcb5d367dbff00016aab7175672ab2cfa5c8bbbfbd6fbab37855d19ac7337d627556ed0b491b2491b7fbad535d7c936eff0066b83dba0ab7cb63144dfecc2d1d1b749ddfbab89626ff0066f245ff00d9aa7eacfb9d0b338bde27643ef3539b6fd9ff00e035c3ccd227fa8d52e97feda2c9ff00a1542daceb56ff00eaaf1655ff00a690ad64f0f3368e6345f73b6b845f2ea9b59c32b7ccbfc35c8ffc25bad27caf0dacbff0165a917c6f78adfbdd351bfdd9ab3f6535d0dd63284bed1a1a87866dee964dd1ad737fd8379a5b7996574f6cdfecb7cb5adff09e46ff00eb74f9d57fd9656a8ffe132d376fef5678bfde8e8b545d0af69427d752bc3e34d634df96f6dd6f23fef2fcad5a967e35d26f24f9d9ada46fe19d76d519b5ed16ebfe5e93fe04acb59b7165a5dfb36cb881bfeda2d16bee0a5d9dcf4af0cf8cb5af085e2ea1e1ad72f348b8dcb279ba7dc347bb6b6e5ddb7ef7fc0abe82f863fb7d78e3c16cd6fe25857c59a7b5c35c33798b6f72bb976ed5655dbb7f8b6edfbcdf7abe25fecdbad39bccb0bc68bfd956dcb572dfc5fa8597cb7b6eb3aff7a2f95aae0e707783339c6955d2a47faf53f59bc07fb7af80fc75e22b5d35d9fc350c96ad34973aeccb0aacdf2ed8576ee566fbdf3332fddaf6ebaf88da1d978766d6bed8b73a7c72793e6d8ffa46e93fbabe5eedcd5f88363e25d2f52dabe679527f764f96bb2f09fc49f157c3e666f0cf88afb4a8e4dde6416d70cb1c9b976fcd1fdd6aec863251d268f367965397bd4a5fd7f5ea7eb26b1f1aecff00e124b5d0f4bb3975069bcb91aee38f7431afdd68d9bfe7a6e56f97eefcbf357a85ae93f6fb559915f6b2eef9976b57e59fc0cfdaf64f01fc42b5d635df0ea6a0b22edbe9f4d87cebbbc6ff009e8de7332eef99bfd5f96df77f86be94f1d7fc1439adecf525d3b4cb7f0fd9dd5add476373a94ccb7b6f22ab7932359edf33e6dd1fddf957e6fbd5bc717a5ce0a98374ec9a3cdff6a4f873ac697f1f354d6ae3c8bcd0f56b7856cee7746de4cd0aed9a1655f9b72fcadf37f0c95e731f8221974d6be96e1b72ff0077f76bf3564f85fc72be35b8bcbc7f114ba9dd6a1aa5d6a9716d2dbf92d0c9332b4922c7b76aab36d5ff0058cdb635f956bae8ec2d65b39a36924976b6ddacdbbf86bccad2e693958f4f0e9c60933ced6d6182ea458adda75ddf2b2fddabd67e17b85bafb5348b17cbf757e6aeaad6c1ae96486d6dfeefcbb9be5dbff01a75f59dc5ac70b4adb959b6fcabb6b9f6573ab728e8fa6e932d8fda2f6e239e6f31976b36e65dbfecd5cfb1f9f756ff0063b56fb3aeedd2fddab11e8cb15aed8a15666fe18d6ba4b8d524b56f2ecf4b55593e5dd772797b5b6fde555ddffb2d28b4deac76672fa85c5d44df65f2d559bfe04d59f6b60c9e6432dc32aed6daacdfc5b6ba46d22e2ea4fb65c5c2bc8df2feed76ad751a1d969767631dd4fe52ccdf799be6a2d706ec717a7e870dac31f9b26d593eed496fa23799b964fddb7cbbb6d751a86ed5ae21fb169f2ceaadbbccdbb56a9cda6ea116e8e555b68645dabe52ee65aca49df408cba94745d063bf92499a6f36dd6468fe6ff67ef56f43068f6b2342f3452edfe18be66ffbe6ad5bf85d5ec5a4966959b73332cb27cacdfeefdda768761676be779b227cadf76b44ba09bb997a4dd5d585ac31d9daed917ef34bfdda9adf4bbcd6ff007d7974d12c8bf757e5ff0080d759f67935ef974db169597e566dcaaab51cde1cd5b46b755b86816455fbb02eeffc79a9a85fcd137ee65c7e12b18a3ff4866655ff009eb27cb5ced8dadae9ccaccbf32b6edbf7abb6f0de82de268639afd9a58dbeeab5696b9e1ad1ed6165dd1aaffbd56a0dab83693e5673b70f36ad6f1fd9e3f976fde6ac9b3f056ad3f9d2091628d7e6f9a3adcf0af89574bd3e4b79749b99648e4daacb1fcacbfc2db9be5ab8be39bed526b8b7b3d27c858557cc69db737fe3bffc5547ba95e4536d9c5d9f8664d53edd0cf7125cb5bc9e5fccdf2fddddf76b534dd36ded6c5962b78a265f959b6d6969ba34df68b8ba5b8915a693cc91a25ff80ffecb51fd8e1fb742b3abf96dbb779adf7ab9e52bbd0d6d656671bb248b568e348e49555b748cabbaba2b59ee2286465d359ff8b737f0d75d6eda7d849f3c91451ff0eedab51c9aa42f349f678de7565dbb5568f692be84f22b1c9c971717f6eadb922fbcdf76b2db4ef2acd9be6966fbcaad236ddd5a8ba1eb9f67554b78ad97fe9a36e6ff0077e5ad2d0fe1b6a5e2385a69f5a7b38616f25a3b6857fbbfde6dd5a38ca4c9ba8a393b8db06b9a6c9042d3fefb6f95e66df97f89bfe035e9d36a363610ed96e155557fdeab563f06749b0db7cf34f7970bf2eeb9999bff001daa7ae68d6f6ba7dc2f931aaac7f7beed6d184a2aed994a4a4d228c9e2d59da35b1b5b9b956fe2f2f6aaffdf5557ec1ac6bd7d1dc2dbc766d0aed5964f9b72d6b58eb3a5d969b67fbc8a2dd0c7fef2fcb525d78dec60558ed5a49d957e6555f9a93926b56528db4462de59ea896accf74de72ab32edf956ac68fe12b3bfb3b7b8bd6fb64d22ac8ab2eef96a8ea17fab6acacb676ad12c9f7bcc6a75ae91ae5ac71ffa62c0aabb555577560e6ae5256d8ef34df0ae93671aff00a1c4bfc5f2ad64f8bb54f0ef872d596e2ea0b39bef46accaacdfeead79ef89354d52ce4b7b7975096e777f0cb232ff00b3fc354ef3c20d2c31ad95bc505c7fcb46dbb6afda3dac0e1ccd36cd8d17e2269a8be65c2dcc5249f36df25bff00d95ad2baf89d6e8adf65b1f957eef9932aeeff0080fccd5cfc7e15fec9f0eea4d7922cf348abb5bef6d55ae4e64b38268fca65dccacbbaa5ce4907b383dcf469bc57e28bc863912c6dacd5beeb2b34df2ffe3b586be14d6359d4bed9a8ea53ced1fcd1ab32aaaffc05556ba2b1d6ece2d36185999bf76abf2ab51378996d648e15864f9bfe7ab6ddd55a5ae63677f7510af85da5655ba9a497fbdb9ab2758d2edece6b78e28f6ab37cd5a575e20d4aeb6adbc296cbfde6dcd5976fa35e5fea4b717fa93ed55fddaf96aaab55a35b0d5efb9b1a4dadbbaed58d576fcd5a57491c56ff00332ad65dd59aa346b15c4bbb6eddd58b7d66d2ea11c3e734bb95a46dd4debb19c559ee6b36bd636bbb7c8bff00015ddffa0d72bae7887fb5268fecd6f72db5b736e8f6d49222dbb32b2fccb443711a7fb2db6934fa9ad926364d7efa462df62c7b1928a8e464de7e7c7fc0a8a5af733b2ec7cb3b5b6fcb51b6ea8fec16bf2edd4af97fde5dd43587f775a6ff00b690d7d1267cce9d430ffdf6a3cf9976fef1b77fbd51b595c2b7eef54b47ff007a365a6b59ea0cbf2dc69f2ffdb4db46a2e55d0924bf9bfbdbbfde5dd5564bddebf3c3137fbd1d35acf54dbb96de097e6ff96770b5564b2d5b6b37f66cacbfde5f9a8d6d61a4127d95f76fb18bfe0355648ac7fe7dda2ffae5254737da22fbf637317fdb3aab25d2a7de8e45ff00796a1e9b9693e85868acff00864b989bfdedd50b410eef96f1d7fde8eaab5e47fdeffbe96a369e37ff00968b517358dec5a92d59beede44dfef2edaaf259c8cdff002c25ff0081546d2ad31bf8aa0d55c4b8d36695b77d957fe02d5466d2f6fdeb7917fe035d6786fc01e26f194cb1e83e1fd4f5866ff9f2b39265ff00c756bd6b41fd88fe356bcbb93c2373a72b2eedda84cb0fff001555ece4f688fda72ead9f38b582a7f7969ad137f0ccff00f7d57d696bff0004fbf8ad2c7baebfb36d9bfbad348dff00b4ea1bafd823e205adc2ade6a5a1d8dbeddcd7777f6a8e35ff0079bc9db56b0d51fd9652c4a5f6bf13e53b5b092feea38564dcd236d5abcb16a9a432ac4d2c4bfdd6fbb5f667867fe09b1e30fed0b3be4f1a7841e38d96465b69ae24665ffbf35b975ff04ecf885751c8cfe30d1656feeffa436eff00be96a5e0ebcb5503a696328af8a691f13e9be3ed5ac2392ddae2e60b793fd62db48d1eeff7ab5349ff008a864db64ad2c8df7b6afcd5f516a1ff0004e7f1f3c6cbfdada44adb76ff00ab93ff0089aa7e17fd887e267c37d423beb3bcd29a45fbcad0dc48bff7cf93f354ac05793b3833678ea2b58cd33cbfe08d8489e34bcb7b8df6722dbab2c5f77fe05f357d05a1d86a1158dc2b2b6d69197ccfbbbab274bf851e2cf0a7c46bad7b5bb56bc5bc877493c11c8cde66d5ddf79576aeeddf2ffb35db43a8fdaa3f2e59134c8fccdccd72adbbff0041ac2a65f8abdfd93fb854315476e75f7a31ed6cef2cacee2e22f9636f9beeeeaebacf41d1e2b5b59b52991ae2455dab7337fb3fddac9696cefe46b19f5a8e5b5dbf7564f2d7fdaa864b5d2f4dd4235d36359666ff009e0bb9ab92542b417bd16979a675c6a425f0bb9b9a5dc69fa5ea579325bcf78bbbf77b63655fbbfed7cb4ed63ccf11cd0c8b6a96cbbb76e6fbcd5a5a86b337d9db4f4d35e2bcdbf335cb6ddbbbfd9acb6bdbc7bab5b1768ace355dacd12fcdf2affb551ca93d4d6ecb963e1286ea49a3b891bf76aadb55b6afcdbaa8eb167a5d9c0d0dbac7e62c7b56283e66ff00c76b41b46b78a39aea59a4b9665dacd3c9b97fef9fbb53786756d26cf4b5f3e191ae2391b77950b37f137f17dda774b4484f52c43adc9616b6f1ae973ed68d57cc97e55ddb6b9dd72f750d66ea393e5b6f255955635fe1f97ff89aeab5296f3c61f63b7b0b1682de393cc69e76dbbbe5fe15ff0081573fe36b0baf0fc70ab48bba493cbf96b277dba0e297cc87496876eed4ae9bef2aaf9926d5ff00be6b523b8d36d7ce8e264666f9be5f9be6ae16f25ff8f7927656556fbcdfdeae8bc32d6ebaa5f35c49badd5a358f6aff00b3446aa5eed8ae5d2e749e19f11dc6930c90ae8f74ecd236d9fe55565ffbeb77fe3b5358eadaa7895ae19556ce38dbcb6655f32af36bd6775a7ac3616b2cf75f75976ed55ac9b1d1bc51657571240d059dbcdf336e5dd5a5dbdb54472a7be8682f84a4d274bdcdab5dcb0fddf2feeffbdf76b97d3fecf6524d24f24512ac8dfbd9ff00bbbab4bfe261af7971de6a0f2c6adb76c5fbbfe2ff0066bb287c15a1e93a6b5e3dbc106d5dcd3c9b7ff426a96b9b61b697a9c7cdacdacab1c69bee66dbff002c236db5474dd1b56bdba9a44d3da2591b72f9adf76b4b49d7b478ae246fb4452c2ccdb5a2f9bf8bfd9ae83fe16269ff0065f2ec34dbbbeb88fe5dcbb635ddff0002a96931ebd8e66e3fb62d6f1acd7cb8be5dcdb57eed576f0facf335c5e4cd3b7f0ee66ab9a84fac6a5aa4d78b0c5631c8aaab1b3798db7ff1dacdb8b2bc493cb7ba56dcbbbeed61a1a6a904d0436ba85bb45b7cbf3159aba487c4da5d942d1bdc45e62fdef2be6af2fd716f9372ac6cb27fbb56345d2e6b5b59a6bf93e668d9b6b55d3938ec44a3cc77575e266bd8f769fa7dd5f48dfead7cbf2f737fc0ab4bc2b2f8bad619add74bb38239a4699a7b9999997eefcbb57fddab1e19f1468f65a5dbb4b7c9f2c6bf2ff12d3a6f8916abb64b5b7b9b9566dbf2aedaebbc746e464d4b648cdf113f8b12ead637d61ada19a46fdd69f6eaaadff026dcd4d5f8776be219963d5164d47e656db773348aadfeefdd5a6ea9e2abed66eade68b4d936dbee65f37e5ddf2d65dd78a35cb065997cb89b77f77eed632926c6934bcced1be1de9a91fcd1aedfbbb5ab9bb8b0d2741d726dfe45b47e4afdeac3bcd7b58d497fd2b509597fbaadb6a8dd5aacbb646dd27fbd50d5d5ac34bbb3ac93c51a2e9b249335e46dfdd58fe6a864f1bdbdd2aadbd8ddcbfed32aaaff00e855e7fad411f996ff00bb555593ef5749632dadbc2aaad1eddbfdefbd51c9adae3da3cc67eb561a96ad70b70d0c56cb1fdddcdbaad4d65aa7971b36a4d16d5ff9768d7ff66dd5ad0eb3672dbb2b36d5fbdbb6d67dd6b36f75ff001eede6ff00b2bf355da2ba91793d90dd27c38b79670dc6a9752dcf9dbbf77b9b6ffb3f2eedb5b163e17d3edd9bc8b78b72fdef96aadaea37cb670dbfd9f6f96bf2eedd54efb5ebeb099b76d5f317fbbb568528db622519f73a49b4d85b6ee58fef7ccaabb6b95f1379365f65fde36d8d9beed36f2eb5cb88772dc6d565dccab5cfcda4dd4b70cd75792fcdfc3fdda89cd25648aa70b3bdce923d66d6255f997eeff7a887c47672b32b2b4adf795556b16df4686765dd1b37f7be6a1b4bb7d235c876aeddcbfc34b9e522dc628d6bad5e6b89375bc3b777cbb99b6d62b4b74f78d26e5f397e5f957eed695c5faa3346de5aff00c0beed36de5b1823667ba4ff0081356d6ee445a5a99725ab4fb959a5dcdff3cbe5acfd42cdb4df25555fcc66dbe64adbab79b52b58976c3b9bfd955ae7f50bcbabf92ddbecbba387e665693e6dd55ca96ecabbe84935cc2643fbb4fc168acc7ba6ddf322c67fba5a8abb47b195e47cdcd3dbfcbb648dbfdd6a85a55fef54325fe9b3fded1ed97fdddd5559b47fe2d25bfe0336dffd96bdabd8f9a693269197fdeaab24b449fd87fc36b7917fbb75ff00d8d57fb3e92eadfbed4236ff00795aa4564124b50b4ec9bb6c8d53358692d1fcbaa5f2b7fb56ebff00c5542ba6d9b74d6197febadbb7fecb4ae5a882ea975137c9712aedff00a68d4eff00848750dbb5af256dbfc2cdbaa3fec88dbee6b56adfef4722ff00ecb51c7a35c4b22c705e59cf2336d55f336b37fdf5529caf64572a245f105e2b7cde44bff5d6de36ff00d096ba6f06fc3ef137c46f324d2743b696c61ff8f8d4aefcbb5b2b7ffae9336d8d7fefaaecbc17f0b34bf0e476b79e2887fb6b5cb89156cf4083cc917737ddf3963fde48cdfc36f1fccdf799a35f9abeb0f07fecdde30f14436779e25bab4f0adbc6bbad6c5ade3bcbdb55feec70ff00c7adaffbaab237f7999abd0861b93f8bbf65d3d5fe8449a8abecbfad8f03f0afeccfe0f685a6d7f52bcf12cdb7fe3d3c0f62de4aff00dbf5d3470b7fc055abd23429fe1bfc2b9236d1be1ef80b49ba8d576ddf8c75e6d5af7fdef25576ab7fbad5f48697fb37781e2dadab5aea1e2db85fbd2f88afa4b85ddff5c7e587ff0021d51f8b5a968bf0dbc370e87e1ad274ed16f352565dba7dac76fe5dbafde6fddaafdefbabff0002ae8b72ad125fd77dccbda464f955d9e7737ed23e3ad2e6b1b14d62cecdaf372d9e9fe19f0eb48d22aaee6db1ee99b6aaff00b3ff007cd66ea1f157e255e48dff0013ef1a41fc3f2f85d957ff0048ebb6f803e178ed6ce6f1a5d43fe99a943f67d3772ffa9b156fbcbff5d99777fbab1d7ab497ebfc2bb9ab55cef5bd8c24e9c1f2f2dfeeff0023e635f8c9f10b4b9155fc692c537f0c1aee8f1c3e67fc05a385bf8bf86bd33e1bfed0daa5c6b56ba2f8b74fb4b3b8ba6586d755d359bc9924ff009e7246df346cdfc2db997757a45d5fb5c42d1bc2b2c2df7a295772b7fc06bc47e307822cec347fb66976f1e9ebbbfd540bb5636fe1655fe1f9ab6855a94dde52ba3371a55572f2d99e81f13b46934478f56d05974cbe66f3ad6e62ff00977b85f99976ff0014722eedd1fdd6dad5acbfb41788bc987ecbe0db696468d59bfe264ccbbbfefcd47fdaebe3ff0084f6bab2c7bae24b38ef36afcdb668ff00d62ffbdb9645ac7f8672dadc4d25acadf2ee655dadfc3f796baf10b91ae5d9ea634d2a90b4d6b1d0e823f8b5f1035791562f0ae9906e5ff9fc99bff69d36e3c73f132093fe41761b7febb37ff135da59d943a5c322c5ba7ddf759bef2d43709be45dfb9ab93da4968bf42f921d8e0e6f8abf13206ff901e9f3affd7c32ff00ed36aa2df14bc5d3fcb7fe03d06f3fde6ddffb46bd423d1adee23ddb596b0752d356de6dabf769aad3dd3fc17f917c907bc7f3ff0033cc752d7ad752565bdf853a7aff00d7a5e490ff00e82b5c8eada4f86ee17e4f07eb5a7cdfdeb6b88665ff00c7b6b57b63586f5dcadbbfd9acdbcb565fe1ae98e3f130da7fafe7a19fb1a77bdbf167cfb3691f65b8dd671eb16dbbfbccbf2ffdf323557927d42d5999f50bb5f2fe6dd7367232affc0956bdda64dbbb72ee6a2182dee1b6cf6e8cadfde8f755cf309d45fbca7097ac7fe18d21050f86525f33e6fb7f8bb6f6f37cfa969572cbfc32ccabff008eb57451fc6cd3eeace4b5961b3556f9775b4cad5e5bfb487c258fc2fe206bab3b756d3eeb7490b2affdf4b5e0fa3dfd9e9ba8359dd471cb6b27cacacd5e6cf138493b54c2c7e4dc7f567a94957b5e159fceccfbc2c7e2fdac5676f1daac6b246aabba5f997ff1da6b5d5bf8ca4ff898eb48cabf32c0abe5aeeffd0abe13d734b9b43baff47bab98a193e68e582665dcb59ebe3af1469127ee3c417cb1ff0076493ccdbff7d5797569e5d535e4947d249fe691dd0a98a8fda4fe4d1f7a368da5e9da9792f3452c6d1ee8fcc656f9b755efb559aaee4daccbf77ca5af8af41f8f5e2e89955b50b4bcfe2db736ff00fc4edaf4ef0afed29a85bb32de68b693aff17d9a6dadff007cb5797530b437a553ef567f85d1e842bcdfc71fb9dffe09f48787f5eb8b26be91ad5a5dd26e8e2fbbfc3fc557a4f12eadaf33436bb6ce356dbbbef33579be83fb41687a9431c73d8dd58c8dff003d57746bff00025dd5dd6937b71169725f5afd9ae6365699648a4f315bfef9ae292705cb73a62e32d519b71a1cda22b2adf4f2c9bb736e6fe2abda3e8da6dd69aba85fc2b7370cccad2ddfcdb76b6df97754925bdc6b8ab717570d1348bbbca8976d4375a35bdadab2b6e6555ddfbd6dd5cedae87425dc9ae1f49ddf24d17f776ad47e198a4816e192d6765699997f775d37876eb47b2d1ede456822fddaee93e55dd4dbaf1fe8eb6fe64571f69ddf77c88d9ab44b4d5996ece7ef3c572799e5a59b336ef2d599b6d4d67a46a9ae5c34cd24562b0aff007776eac1b5d7a359a391ad656fde4d26df957e666665ae9349d7356bd6996d6c62f336ee559e4fe1ac95ae5cb4460ea56bff0013afb2dc5e4b2c6abbbe55dbf355eb7f0ce96edb9a3f359bef3337cd55f52d0756d4ae2691aea38266568ff711fdda923f03368de1d9a6fb64ab1daafdddcdf353ea45fb126a0967046db1635fe1aeab41d5b47b3d0ec6dde48d648e155ff6ab2f43f0ac2967e65edbacb37f0eefeed6943a369b60b236d8f6fdef9957e5aabd8968cfd4bc4b66fba1b7669646fe155ac7b8b7b8bab16856df7ee656f9bfd96dd536ada969ff00db10c7f68895638d95be6fbb537fc251a5dbc6acd36ef97fe592eead2293576c0c987c397ccbfbd915777dea8d748925d424b79666658d7fbdb7ff0041ad493c5f0cb0edb6b1bbb9ff00695556b2e4b8d5a5ba69a0b5481a4dbfebdb7568d46da10deb62f47e12d362b88ee16d57ed11afcb2cbf332eeff7aaf5ae9d0c5f36d5ff006be5ae7758d67568235dcd1c5baae697a36a1abc6ad71a8794cdfc3136dacf4bd81b76d4d4b7fecbd5f5892d5d925fb3c3ba45ddfeadbe5dbbaaf4761a3e9acdb648a28e35dcd2b32aad62c3e00d2566ddb7cdddb99be6ddb9b77cdf356d59f8534b8ade491ecd36ff00b55935ccd86cb464cde2bd0ed6193fd2a29db76dfdd7ef3ff41ae2f5cd4a4d79b6d969ba85cee6dbbbeced1aaaff00c0b6d7a07817c396efa0dbccd0aff17ccdfef575566d676f1b37eef72fcb570a57d6e272f23c8634d7aeac76ff0062f91b57fe5e66dacadff0156ae7758b7bed2da39af7cb896693fd5c10ee666ff799abde352d6749823669efada255fbcde62d78efc4abdb5d46f34d5b2996e5566dccd02b37cb553a704b4628c9df632e1b7ba55691ae255ddf7b6edaab268d1dc4935c5c2cf3c9fc4cd3356a5c6a8d2c7fb8b59dd5bfbd1eda861792e2f2154b791a456dd22eedbf2d73a4fa1ae9f68abff08f43ba3db66cd249f77ccfe1ff008153b4bb0852ea4b596df6fcbbb6eef96b7376b171f341a7c0b1eedade6ccdff00c4d65de687aa7db2491e68a2693fbbfc35494b71dd1716dededf6dbc51c68dfc3f777561eb171b2191b72ab2fcaaabfc544914d6acad71a94bba3f97f8577566eb5a34714d6ede7492b5d2b3334b237fe3b5aaba7a99b573ceb5fbe94ea2ff00bd11f03e51455bd42c64fb53edb7831feee68ae9bbec6565dcf9bdaf17f8a375ff00b66d50b5ec7fde6ffbe5ab61bc47a94bfeb2f256ff0079b7546be20bc4fbd244dff5d218dbff00425af4efe67ce7c8c76bf8ff00bd5bde17f06eb5e379961d0f4f9755b891996382dbe6924dabb9b6aff15576f11dd3fde8ecdbfdeb387ff89af76f806ad6be2ad36e176c125adadc4dba35f2fe6f264af5f2cc0c71d55c26f45d8e6c4d5f611e648f9bfed50b6edb347ff7d537cd5fef2d6a5c788f56f3a4dd7cccbbbfe5aaab7f1543fdb97d2b6df2ec67ddfc3269f6f27fe851d79fece95edcff0087fc39da5386292eae238605696491b6aaaff157a77847448741d52d6cd3fd275eb8fbcd1aee6b75feec7ff4d3eeaffbccbfecd615deaa3c17a6c7712c366baf5c2fcad6d670c2d6eadff5cd57e6ff003fef5df02f8def3e1a5c69be24b28e0b9d6a4b88eea35b98fcc558d5b72aedff007b737fbdb5abb651865eed7bcdff00e4bffdb79f4f5d8a7075d5d7c3f9ff00c0fccfd1cf807fb3c58fc2ab38758d5b6ea7e36b8876cd7adf32d9ab7ccd6f6ebfc2bfde93ef48df33357b5476b23ad70be0df88d0f897c3ba6eb5a74cb3d9df5badc42dbbf8597eeffbdfc35d243e2b925f976eeae84b4d0f22a49ca5ef6e6a6a0ffd976335e5d48b15adbc6d24d2337caaaabb99abe3bd7352bcf8c5f102dede7deadaf4db5b6b7cd6ba6c7f337fe43f97fde996bd63f68ef882d6fe1fb5f0edbb324dab36eb8dadf76dd7ef7fdf4db57fefaae1fe01e9bf6c9b5af143afcb237f65d9b7f76185b74ccbfef49f2ffdb15acdae6928b3a69da107517c8f68d4ae960f26de08d60b78d555628fe55555fbaab54db57dadf346b50cd2ef8da695997736daa734f1edff0059ff0001db5d16385ebb9a9fdb31baff00ab5ffbeab9df1d247af785f50b358f748d1b347f37f12fdda864bc556f9569ad74cf1fccab49ab8e374ee62fecc7e285bad275af0fbb2f996375f68857fe99cdff00db164ffbeab3e1bd93c21e30b8b556555b5b8f2d57fd9fbd1ffe3acb5c8f827516f02fc7c8edd9b6d9ea8b25bedfe1f9be68ff00f1e5dbff0002aecbe3d587d8f5ab1d51372c7790f92cdff4d23ffec5bff1daefd6ae0d4bac7fafc8d17eef15a6d3573df2c75486f6de1b8465f2e48d59ab6bc2fa5ffc24baf4762926cdd1b36eff0076be65f84ff13b758ff66de36e92ddbcbddfecd7ba7c16d724d47e255bd8f98caad0cccacadfecd78f393516d1d518fbfa9de6b1e0bd4341b855ddbad59bfd6d723e22d2ee2d5bccf95a3ff65abda3c697f259787665baf9a3565db26eaf1fbed66d6fee3cb5917cbaca84e735a8eac609da27376efb7ef7deaaf7507fc0ab5354d357e692292b1e1b89124db27ddaec3029c9a734bfc2d45f2795b76fc9b56bd13c2f3e9b159b34b244b26ef9bcdfbd5a1796fa5eaf6eb0f9715cb2ff0012ad60e7676b1a726973e73f8a5e1587c6fe0dbed3e48565ba55f32ddb6fccacb5f9dbe32f0f345a84d0bc3e57deff0080b57eb7789bc2f63610b4cb1bc0dfc3f37deaf917f680fd9c2cd3569356b1ba9e2b5be6f3976ed65593f897ff0066ae6abac7991d7869f2cb959f23f86eebfb66c5b49ba6f997fd4b37f0b55a8fe17ea5aa5bf996f71032ff007599ab16f20b8f0bf89248e5fbd1c9f357a3693acaadd47fbcdb6f7dfc5bbe55917ff8a5ff00d06b827f0dd1e92dcf33d43e1a788349bc6558e2976aeef9645a74706a560dba7b39e2fef32afcb5eb9a92c6cadb24dcdff7d557d0e568a393cd86595b77fcf3af3dc99ba958e2741f145c5bb7c9332b2ffe3b5eb1e07f1bdd45e72dbea5269534dfeb36fcd0cdff005d17eeff00c0bef543a9787f41f135aaf97a4cb6d7cabf2dcc1b636ddfed7f7ab9593c35ab784a3667b7f3ecff00e7ac7ffa0b52e64cbe6ec7d3de13f1bc7acc8b67aa5f47a56adf2ac36cb1ee86e3feb9c9fdeff67ef577de1bf0a43ade9ff6ad4646b9f33eec7237cabf37f76be47d07c4d1dc58fd96754bcb56fbd04bff00b2d7a5785fc69a868d6eb1a6a1a85e68bb76f91049fe936fff00c717ff001eff007beed65eca29dd1bc6b5fdd91f4047e12d36df72adba2edf996b81d72eac65d63c95d49606b79b74d02ed6f317cbdaabfecff0b7fc06b0f4365d6ed5af3fb4249e1ddb63691b77ddff007ab42fae2d6cedd59e38f6ff007b77dea8767a1d6a2dab8db8bdb559bf70accdfde55ae8bc37acde69b71249fd8b752c7247e5ab332aed6ddf7ab9bf0febda4e9baa5c33b7eed95597cb8da466ff0080ad75d1f8fac6e19a1b2b3bebc9b6afcab6ecbffa16dace315dc52dc6c9e23d592f9618b4db682499be5666692ba0bef0a6b9e21d25ade7d622b6866f9996dadfe66ff813572ecdab6afab5bdc41a2ddc10c6dbbfd25a35ddfc3fde6adabaf16f88ac3f736fa6d9ee5f97e6999b6b337fbab5a2496e4dafb15eebc35716f6f335e6b5a95ced5dbf2b6df97fe035876be1ab3ba926595649db732ee9e466f96ba092cbc55a92afdab52d3edb77de5b6b366dbff7d33543a7fc2af95b7789353dcccd248be62ee91b77cdf36dddfc5fc35492fb282f6ea558fc3d676bf2ac28abfeed65eb115ae93a7f96ad144b1aed556fe1adad53e1ce9e9ae430cf717d731f97e6334b7927cdff0001ddb6b52d7c07e15b59164fec7b4dcadf2b347f32d4cadb0ed639bb1f16e87f638d5b56b3693fbb1c8acdff008ed0be32b1f97c8b7beb96dbff002c2ce4ff00d996bbcb7b3d1ece4568a18a2feeed5dbb6b99bebcb583c49a82adc22aed8fef32ff00769c75224ec723e28bdbcd7a6b78ed747ba5857ef4b73b635ffd0aa6b17d6a291bcab1820dabf2eeb8ddb7fe03b6b7aeb5ed1ede1dd3ea502b7f7564ac96f1858bab7d9d679dbfe995bc8dff00b2d572c53bb667cd26ad629aea5e24fed06865b8b382365691560b76ff00d99aae5d3eb1aa2c71cfaa4ab1afde58238e3ddff8ed556bf9af6fa3682de495563dadf2eddad525c5d5e5aaf99f65f2a35fbcccd59d926ec597a1d22e2de1555d5350fb3c7f762fb536d5ff0080d66ead6ff63b56695a56dccabf348cdbb7353b4bd5f50f11b4d1d9c31aac7f2f9adbb6eefeeeea9ae3c07e24bf591a5bc82e55b6c8b02c7b557e6ff3ff007cd1cafb0736bab3b093c1f6ef0c2be5edf957e55fef543ff08e2c0ade5afcbb76fcb4d5f0f788a5566975a9557fbb0471ed5ffc76b2fc5961aa68da6add36ad752f993471fdedbf7bfddad6da6c27246a36910c50ff0075bfdeae56d6eaddfc48aad346ab1c2df7a45f97fdaad2b5f0fdbdd2ab4ed2c9f2fcde6c8cdbbfefaa9a3f09692bbbcad36d99776ef996a9c1b5623da2e84979e2ad0ecd555f54b3f9b6fcab70adb6b95f1578a2deea655b2925b9f97e5682366aec9bc396b6b1aecb3897fd958f6d707e2ab78535cb5b755daad1b48db6b370d2e5467a9ccdf4b7171b9bc99da4fe156dab561aea6bf6d3e47b79206b58fcb6dccadf37fc06b426896065558d6b5347b5f3636ddfbdff0067fbab4e30b2dca72395bab1866999fcace68aeb6e6d6de299959973fef2d15af2cbb99f32ec7c2dfd93aa7fcfbc4dfeeccb51b68daa6eff008f1ffbe5aa9fcded51b3b7fb55e837d11f3c91ad0e83ac25c47e7e972c50ee5dcccbf2aad7be7c176ff89e6a9b577797a3dd48bff7cedffd9abe71b5bf6b2b88e65f9997f86bd3be19fc64d2fc2579a94daa5adcff00a569b359af91b5b6b49b76b37fb35f57916268d093f692b36fa9c18ca552a42d157d0f316b3be5dbbb4fb9fef7fabae8b45823f0e696dae5fc3fbedbfe8f049ffa156968f656f74de625bbb58aaeefb5fdabe591bfbaabff00a15733e3ad6d752d596dddbfd16dfef2aff13573bc1ff67c5e2aa34dfd95e7df6e9d0e884bdbc9524addfd0a36ba5de78aaf1ae279955a66f99a4655f2d7fe05f79bfd9ff66b4268af2ff5c6fb2dadcdcc2abe4c36d042d2346abf2ff0ad53d36558a3babc7dcacabe5c6dfc4bbbef7fe3bf2ffc0abb0d2fe24ea4fa84325eb5ceaf0afdd825693fefadaadf7bfdeaf9e569ddd47b9eb4af1d208f62fd967c79e36f07eb0da4dbf87f55d5fc3370dbae208e16ff004366ff0096cacdf77fda5fe2ff007abeccd3757befed287ed9e541a7b2b6e65dcd246dfc3ff01fbd5f01f85754d42d75afed2f0cea173a56a90eef320917c9997fbcacadf797fefa5af78b5fda4e4b8f07ea16b7fba0f12792d0c72da2af932337cbbb6eedcbff008f7fc06bb6954508f2f333ccaf4bda4b992337e2778de4d7bc59af6a967fe931c6df63d3d5bfe5a6df957fefa93ff42afa43c236567e0af04e93a2a36e8ec6d56166ff009e8df7a46ff8136e6ff8157c8ff06e58f59f885e1db5b8b769ecec6e1b509a2fbdb9615f97ff0022347ff7cd7d8cd71a5eb31c71c5b609bfe79b7deaeaa2f9b5eace7c42e54a0b6239b56b1bab558fcc556566acfbaf2fcbfdd48adff02ad46f033247e74f756d6cbbbeecedf35519bc256b2c9f26bd6717fc0b757a51c2d69abc62cf3dd5a77d598737cadf33537cff0096ba0ff84563485b76bda74bfecee6ddff00a0d72faf5849a37ccf7104b1b37fad8a4dcb49e12bc55dc1fdc5c6ad36edcc793fc7449b4d9349d7ad7fe3eace65917fde56dcbff8f2d7b37c4a587c69f0adb52b56f9638e3d4adff8be5dbbbff45b3579dfc40d064f13785eeace25f36e3e56857fdaaec3e0acf245e0db8f0cea2cb3cda3cd369b27fd348d7eeb7fbbe5b2d76e5b073f694decd7e22c5be5842a2de2ff0003c5fc233c3178b218659bc88efa3dab2ff0ac9fc3babe90fd9e2f6e9be32e8ba7bccd04cde746cdb7737fa991bff65af957c59613787f52bcb3ddfe91a6dd36dff755bef7fe835ed5f0f3c55716d77a078a219bec9756bf379c5b6b491ed65f97ff001e5af22a52fddce2f4923d094b96719ef176ff003fc4fb47f68dd5e0f0b7c34b89de77f3e49a186150dfeb1b76e6ff00c755abe56d37c5bbfe6ddff01acff8c9f14afbe20dc58efbc7b9d3618f75bfcdb9599bef37fecb5e7f67aa49137deae2a1174e36615a4aa4af15647bf69fe235bc876ac9b5bfdaad8b3bab7b85f2e75db27f7abc16cfc4d25bc9b964f996bb4d17c5ab7aaab232d75ad4cb94f4a92c3fbadbaa18da4b5995959a293f8596b0ecf5e922fbb279abfddadcb7d52def17cb968b0ec748d70be20b5863ba93ca923feeafdeacbd6bc0d0f8cb41bed2774b02c7fea64dabb95aae686b6e932c2ed232c9f2c7b76fdeaedad53ecf6ed0fcd12ffe3d59546b93942317cdcc7e4cfed35e05b5f0bf8c2decfcc9575065dd3798bf2afcdf2fcdff007d579be8371f68b7934d95bca917e68dbfbacbf77ff1eafbdbf6f8f80ffdafe1bb5f1b696ad2c966be4ea0bbbe6f2dbeec9ff016ddbbfdeafced9259ad6fbccff9691fdeaf31ae5d0f5e0ef1f33dbbc17abc77967e65c2b3cdf7645dbf764fe25ad0beba546db05bcecdfecc75cdfc31f12c36ba8379adfe8b7cbf336dddb6655ffd997ff41aef9afedfccb8668e46dcdb97f775e755872b65defb98fa2cf756ff007ecdd59999aba4b1fb56b367f24312c727f79ab2e3bf92e21dd6f672b6efef6d55ab9a3dfea5650c70fd9e056fe266666ae5d8d93bedb98faa7c2a91bccb8b3b85b6badbf75576ab3563e97a94da4b79378d25b5d46db599abd22d5b56d5238e479a0895bfbab4dbef005ade5bb7dbee1a7fef6ddabb6a93b685a7dce7ed6f1bccfb55bc91c57127de56ff005371fef2ff007bfdaaf50f04dc68fe21856195560d623dde75a4abf36d5fe25fef2ffb55e16b6b79e1299adee15af34b66f967feed6f472ef8ede4dcd2daab6e5923ff00596ed4dc14f6dcda15650f43e86dda2e9cade6dd5a40db777cd22ad53f0ff897418b5ab899a6665daaaacb1b36ef9ab93f86be2bd352e9ac7c42b17da2ea4ff45d419556193fd96ff9e6dff8eb7fe3b5eb9f6ad1ed557fd2ace255f97ef2ad73b8b8bd4ed8c94b540bf13b4989638d3ed2cdbbf76ab6edb9bff1dae7f5af15ff006a4d24969a5dd4edb95be65555dcb53788b5bd156f34d9a0be827f2d99a4f2db76d565a3fe132d360f33e59197f8a5585996a93be8cbb21d378c35876dc9a2a411ff00d34b8f9bff001d5a861f16ead7f36d48d205ddfc51b37fecd524dae48d1b79163773b7f0ed8f6ffe8558ba7daebc934cdf615dacdba3566dbff7d512baf8449265ebe5d7ae3528ee25d4162fddf971b46ab547548b56fb2b2b6a527ddfbdbb6eeffbe6ad35ef88354bc5b14b1b38195773335c37cbff008ed6c5bfc3bf136a56ecb2df69eb1edff9670b7cabff00026a88a72d424edb9cfcde1f91ed638679a59646dbb99a466ffd0aa687c1fa6d85aaff00a2affdf35d75af8035a97fe3e3568372fcbba2b7feed61df683a87f6f5e58cfac4fe5c3b576c51ac7bb72eefeed5f2b5b917465cde19b7fb0cd237cbe5aeefeefcb5d269767a7a59c334122dcac8bb9597e6aab1f836de56f267babb68feeed69be565ad687e1f693610ed95a5f257e5f2d64f976d1a849a905c7d8ede35dcd1415c8f893c4ba4d85accaf7d06e65daabbb736ea87c41a0d8a6b4d1dbdac4d1ac6acabb7f8bfbd54d749856658da38fe6fbcaaab4293910d25d48fc0be28d3ec34755bab8582656666565fef5761ff000b4341b5b3f396f24dcdf757cb6ae4ff00b36dedfe568e36dab5ccf8e2eadd34bf2d55559a45fbbfeed5b9c9221453763d32dfe2fe8f2fcbe4de4f26dff5712aff00f15583e36f1bcde2dd256d6c34f9edb6c9e62cb3edff006bfbb5e63e0596183509155977793fc55e8d6baa59dbafcf346adfef52526d16e0a2cc787e275c5bc7e4b436cb32b6d6fde337fecb5b5a5f8a3c417b790c36b0d9ee917ccfdec7232edffbe96bccf50d5ede7bcbad91fef1a66dacdfed357d7de0dfd9b354dd1ea09aa5b3471dbac2aad0b7facf9777f17cd5cd3afc8d29bb16e095acaecf2f9348f166a327cda969f671edff009616acdffa13564ffc2acbc97529af2f3589e7badaaabba15558d7fbab5f4d47f00b5897733ead67046bf37cb6acdffb52b83f8917fa3fc3cb3d364ba92e6f21bc69155a0b7691b72edfe155fbbf35547154a725152d599f2ca3ad8f239be1a46f22b49792b7cb5c8f8a3c3f2683a85bdad9ccdfbc8fcc666dcdfc5fef577da87c5cd15e3dd0697abdcb6dfbab62caccdff02db5e73e30f10eb5e21d4bed161a1cf66b1af97b750658f77f7beeeeae96d35a6e118bbde5b10ff65427efbb3bf76a2a085b5ff2c6ed3ed73ed331ff00d968a0bf74f8cbecfa7bff00cc5ae7ff000157ff008aa8dad6cd9be5d525ff00815bd66f9abfdea746fe6c8aa9f3337caab5e8efb1f3c958d6b1f0f47aa5c2c36faa3348dfc3f676aeab49f854cf1eebfb8ddffb2d6d784f468744d3e366dbe637cd23574db9aea45851bef7cccdbabf42caf24a318aa989d65dbb1e26231952fcb4bef31e1f07dc59e93247a358cb79e5fcb1c16cbb999bfbdffb35795ea9e17b882f99ae19ada4dcdba2bb8da1f9bfe055f425bdc47146bb5b6edabde57f6a47b7c9fb62ff007597757af8fc9e18d8a51a9ca96cada7e699861f1d3c3c9f3c6f7eb7d4f0393c2f7d6ab0c290fdb23fbcd241f32b337f0eeae92eb595f8696b1b4ab14be229a3dd0c0bf37d963ff9e8dfed57a47fc217a2f98df68d35f4fb866dcd2da335bb7fe3bb6bd51bf63fd43c43a4c3a8683e2cd235ed36ea35923fed9b15999beefcbb955597fefaaf8fc4e458ac26aad24faa3d7866146afc5a1f0deade25d5354ba926b8be9e5919bf8a4ad6f05defd966baba6fbcb1ed5afa0bc51fb20f8a34b91a4baf873fda11b7fcb5f0beb1fecfdef26656af2ff107c3db5f0abfd9ae9755f0bc8dff002cbc4da7c90ab7fb2b346ad1b7fe3b5e13c2d5a6ef38b3d18d7a7515a0cdef877f16bfe15bea4d33c72cb25d431c3ba058f746acdb9bef7fc07fbbf76bddac7f698d367b16d5ac76cf710c6cd1aed65fde332aaee56fbbb57737f157cb77de08d6b59b85b8d2e1835a87f85b4dba8ee1b6affb2adbbfbb59f6ad7de1cd3dad752b3b9d3e6666fdddcc2d1b7fe3d5eae56e2b151753e1577f3e871e2a929d3696e7b878a3f693f146af71f26a125b7fb31573f27c70f165c36e7d6ae5bfeda5792fdbd7ef3353bedeafff002d2bf448e323d2c788b089743d82cfe38f88a293f7ba93cabfed55cd63e33ea9af59c76af232aac9bb72b7deaf1986e95ff896ba2f0be96daf5e2dbc5756d037fd3799635ffc7abae956527a19cf0c92d51f65781efe6d73c33a3ea13ffcb68d7737fb4bf2ff00ecb5a1e1dbff00f847be245e43e67ee752b58ee957fe9a46de5b7fe3acb5c7f8160bed07c23a3f876e9a06b86b893c9920b8599665f9a4fe1feefcdfecfddae675cf8837d65e24669ede7b69347bc8ff00712aed6f264fddc9ff000166f2dabccc261654675236fb57f97fc31954929ad3b58eabf688d116c3c4d6bab247fe8fa843e5c8db7fe5a2fcbffa0edffbe6b85f85b71a85e6a1368f6acbf6afbbba4936aac6bffc4d7b778f2c23f1f7c29b89205f3ee2cd7ed96fb7ef36dfe1ff00812ee5af9a749f134de12f1069fae5baf9aabf2ccbff003d17ff00d9af99ce30fec711cfd1fe67a5809bad87e4eabfa47b06b9e0dd6b44b7b59229a09edf73798b1b37eed99b76e6dd596daa69f6accb2dc34f37f760a8fc41f163fb7b49b8b5b755961baff53b576b46bbbf8ab9dd3f48665591f77fbab5e136ba1d318bb7be758baa46d0fc966db5beeb3355cd37519924f91648aabe9290a2aaeeff0080d7450c50edf9156ad117bbb1d0693adb5c46bbb72b2d74da6dedc5d49b6056964dbfc35c4d8dd7d9dbf86ba4b5d463755dbf7bfbd5a0cec34bf11ff0bb32c8b5e89a0f8d2c6e9563bd66593fbdf796bc45658da6ddb9959bf8b756b5acb7117faa915a94a2a5b8d1ed1e2c6d3751f0fc91ab45730c9f2b2fde5656fbd5f977fb4c7c1393e1678bbed1670b4ba0df6e92d64feeff007a36ff00697ff41afbd2dee2e3cbfbacb58fe3ef06e9ff0011bc1f7da2eacbb6393e68e7dbf34327f0c8bff7d573ca92b58e884f91ea7e67f85f546d27545b7766f2d995a36ffd06bdfa1d46196d559219199955beed78afc44f87da9782bc4175a5dc47fe9567232acb17ccacbf79597fd96aedbc0be2f8d7c2725bea2af15c58ee656dbff2c7ef7ff155e5d683b5cf416bef23a85d66eacad563163f37cdff002d2a1875ebebd5ff008f754ddfc3bab95bcf8a1a2cbb6359a368e4f9565ddf2eeab1a7eb9716f6ecd12c52afdeddbb7579d285b568d52b1df5beb7a959d9c2be5c4b1aaedfbb4eb7d6752bddbe6dd6d565fbaaab59ba2c57dae58ac8f34114732ffcf36dcb572d7c39796eccad7db557eefeeeb1771a699a4ba4472dbaacb234b1b2ed915bf8ab95b8f0a5e787e16d434d669ece46659acf76e655fef2ff007aba6d2edee258774f78edbbe5dabb6ae43a4ac16ad1adc4ff002fdef9a84dc762af7d0e6f4dbf86eb4d9248163961ff005771692fcd5d97827c6567e0bb859af2c64d5f43f2d55557e69acdbfddfe28ff00f1e5ff006ab8fbcd063b787fb4b4edcb346ccb7507f0c8bfc2d51d8f8861961693ce582e23fbcdfc2dfed574c5a959dae352943447d351fc57f0adbc766da958ff0067e9f75b6486f62db24327fb5ba3ad0f1a78d7c3f3f866f1b4bd4b4fb991a35db1c532ee93eeedaf8fe67d2fc7da3de2f85f568d7565669aeb44dcbe5dc7fd36b7feeb7f797f8abde3e08dad8dd7c35b16768a5b8569164ddf3491b6efbadfdd6ff66bd3c7fd49d38cf0d1719754f55f27b8f092aedb559dd746749a5f8d3498ade369e664936ee65f2646ff00d056af5c7c48d0e593c98a49656ffaf793ff0089aab32e9bf65b891d9372ab37ccd5cae8f7fa4a69f0b34d02c9b7736e917757856d2c7ab7d6e5eb5f1e2c5af5c5e7f65cef1f97e4ab7cbbbef574d6ff001b96dee21b3b7d26e659a4f9635f315773572326b9a5c51b7efa2ff80c95cfaebda7af89b4bb879375bc332c8cdb5997fdaa69b8ec4b4a4eecf649be20f882e24ff47f0ca2aee6f964bcff00e256b163b7f124ba95f5f5c69f6d14970cacab148cdb76aaaffc0aa6b3f8abe1b8157fd2246665ddff001ef27cbff8ed3a6f8c5a0caccb0493cbb5b6fcb6b27ff1356ddd6acc92f233752b8d7124857f7504d248b1aee8d9955b77fbd5adff0008cf88af159ae3c40aad22edff0046b3dadff8f33573fad7c4bb3ba5b3682d6ed963b859199a1dbf2ffc0ab49be3269312fc96f772b2ff00d33db59a4ba8dbe890e5f869716b33493ead773ee5f2ff007bb7ff00655aa3ae78024b2b59996f2545f2d9bef6ddb4d87e39dbcb3346ba4ddb32fde5f3157ff8aacff117c5dd5354d3ee2ded7c36caccacbba4b866daadfeead572c49bb383b5d196f24dd3c93cadb7ef79cdff00c556a5bf816cfccdde4a6e6fbcd583a7cfae585beefb1ee6ff0069aad3789b5cba686d62b78a091bf8be6fe1a4697d4de87c1563149b7cb556ff00768d2fc336f65e2268e7b75963587cc5f31776ddcdb6aae9efad44dba56b66ff007b754d7da8eb1757cd79f688205555876c4bfc3ff02a76bee4c9743bad3f43b1ba9a1922b3dd2349fea963fbdf37f76bee8d2ed574bd2ed6d555bcc55f9bfdeaf847e095e897e25e9779e27f155b695a158b7daae1b50921b7824dbf763dcdfde6db5f5d5c7ed1ff000ae2f3247f889e1adabf7b6ea90b7fe82d5e4639a6d4517493b6a76de20d4974ef0cea574df2f936ecdb9bfddaf8f7e2b5ff00da2cfc2b0ab2ed58ee372b37fd71af54f899fb507c2bd67c15aa697a4f8f745bed42e95618e18266f9b737f7b6edaf9c7e226a91eaf1f85ede0be65dd0dd32cf04df2b6d686b8a8a71af06fccd1fc0c99628e5fe15a6f95b5be6dbb6b06dfc3371e5b336a13b32fdddb3354de19f0947a94d7cb717176d1c6caabfe9527ff155f449ddec73d8b32011b95081ff00da2b455d7f879a46e3b9ae73ff005f527ff15455fbc49f9dbfdb3a5edff917ecff00efe4dffc72b4345bad3ef2f9644d260b3587e6f363691997fefa66ae3fce6feeb7fdf35d078465d934ccdf75be5f9abddc02e7c443d7fe09f3b574833d62cefedd2de3679155557f8aad58dfadc5d33797b9a4fbdb6b8fd5a28fec71c6bbb736df96ba2b7d1b4bb5f0ec6d79ab4f697d7532c2be42b37d9e3f9774df7bfde5db5fa6c71724afcb73c8742315b9d95af85eeaf6cdaea2b84daacaad1cede5b2eeff00d96a39a2d3f4ddcb2ea0b3c8bf7a2b65ddff008f5798cdacdf68d1b58adf3df58ee668fccdbbbfe04cb4d8fc46bfc6acbfeed77d2c5292f7b4f2671ce834f4d4f56b7f16adac6b0c0b2792bf7bcd92bd3be1ff00ed012783e3fb2a2ffa1b36e9155555bff1dfbdff00025af9a6df5e8dfeeccbff0002ad087545aed7eceac75d5183a728f91fa09e13f8c9a6f8b6d61fb3dd46cccbba45fbacbfef2d75cdae5bdfdab433c31dcdbb7de8d95597fef9afcf1f0deb90a6a966b3de4fa7dbee5592e6da3dcd1aff007b6ee5afa0b47bdf166976eb269baa69fe31b155dcab1c8d0ddedff764fbdff8f579d5684212b27f799f2b7ad8f48f137c0ff853e3091a4d4bc0fa67da19b735cda47f6593fefa8f6d70be26fd8f3c13af59fd974ff12788f4cb75fbb6d3de2df42adfecaccbf2ff00c05a8d07e39e977f2793753496332b6d68ae7ff8aaef2cfc470dec6b241711cabfde56ae3a980a327efc1151c457a7a464cf9b7c41fb01ea902c92691e24d37505fe18e78e4b56ff00bebf78b5e67e20fd92fc7de1f6669341d42e615fbd2e9ad0df6dff0080ab2b7fe3b5f7847aa488bbbcca917595fe26dad5ccf2ca5f65b5f3ff0033b2398575f159fcbfc8fccbd43c07a9693ba3bcbc8b4a995bfd5eaf6f35ab7fe3cbb7ff001ea9a3f873e2c9e3f32c2ded7528f6eedd657d6f27fe3be66eafd20d535e86eadda1baf2af216fbd15caac8adff016af35d6be12f81fc5570d23f8674f82e376efb4d8afd9e4ff00bea3db5c153095e1fc3a97f5d3f2ff0023ba9e36335efc2c7c27a6eafae786bc45243baf34cd52dff7722ab34722ff00797e5ff756bdab43f1ceb9e3c863b1d7ae9afae96ce4b7b7b9923569b6eddcaad27de65dcabb776ea6fc4ef84ba5f837c6579a6e91717715bc91c7337dad9666dccbfc2db776dff81547e0bf0beb161e20b1bab29ac6e5ade4599a3b993ecfb957e665ddf357d3e5b86c4d1a3cf5d377ed67fadff038f155a855925068f74fd9ff00e2d6937fa5c7a5f99757978aadfb8b4b19ae1b6fdefe1565ae0fe2c78164f0bf88aeacd6d6eedb49beff0048d3dae6d5a1ff00b67f37f75be5ff00776d69784fc01e34d06f2cf5ad22382e6e3fd6795a7dd4771e5ffb2cabf37fb3f76be9ad07c4b71e23f0fc70f8a3c2ed12ff00cb4b6b985648f77f7b6b5659a60e58ba69a92fc9a7e97b9cd85c4468546e2b4f5feb63e09b37d434db8dd02c8adfdddbf2d75163e3ed4ad5555ece2ff812b57dc9a6f87bc1f2c8bf65d36d2da455dbe5ac7b57fef9aeaac741f0ec51ff00c826ce46ff006a35af8e9657561f6bf03d678fa52fb27e7bafc4bbe824ff008f3897fefaad6b1f8ab789f2fd8e3ffbe9abef8934ed0ed55bcbd2618b77f756a8b45a4dafcd159f94dfeced5ab865b296bcdf87fc133963295f487e3ff00f8aedfe24de5c32aa69eb2b37cbf2b356a2fc46d434db39af2eb4df22d615669246665fbb5f585d6a8a8dfb887e6ff6a4ff00ec6a4b2f105c40ccd716ab2ab7cbfbb91beed74ff64cad7e6fc3fe099bc6d3bfc1f8ff00c03f3f752fda975a96ea4fecdd2efa5b7fe1f2b4d6dcbff7d7deff00be6a9ffc2f5f8b1abaab69da1eb0b1ff000eeb7f2fff0065afbfafbc4be0d49bfd31a0b191bf89a356ff00d17f3560eadf0dfc33e379966b2f1134b232fcb14774adff008efdea2393a6ff007b52497a7fc134fed0497bb4d7dfff0000f84eebc6bf1f3568da3592fada393ef6ed436ffed4ac1d4bc39f183599776afa9493b6d55f9b5655f97fe02bbabed6d7bf67ff0010592b7f65de59dcaff75b742dff00b37fe855e77ac7c2df16696ccd79a7ceb1affcb58be65ffbe96bba9f0ee12aed887f8227fb5aa4745491f27df7c2af17343249736f673b2fcdf36a8d2337fe3b5ccc9e10f17451cd1dae93a844b32f972790cdf32ff75abec08fc2f70ff2bc6dbbf8b735695af8515e35f35b62d6d3e16c35bf8aff000ff22e39b55fe447c2327c32f143b2eed0f50ff67e5ae8b49f0378f34e87c98345d4f6fdedbb996bed4bcf07ab69f22dacde45e797fbb91a3f3155bfddfe2ab5a1f82a48b4d5fb6cd1de5e2eedcd047e5afdef97e5ae2970ce193b73cbf0ff002b9d0b34a96f851f1ddadafc54b287c9b7d3f5a8235ff964b332affe855e9563a0f8bb4ef0bc97dab6b1ae5e6ad26d5874fd2d56e3cbff00ae8ccbff00a0ff00e3d5f422f87add1be68f6b7f76ac43a342abf2aaf99fdd6a9ff56f0f1d799bfbbfc83fb466dfc28f97f4fd67c75a5b2b2785fc4d72abff002ce78e1dadfef7cb562fbc7ff1120ddf66f01ea50337f79bccff00c776d7d40da5c290ed7b7db332ff007aa8ae96bfc5b76aff007bf8ab17c3d43a49fdcbfc8d563a5b729f22c9e26f8952b48ada0ea3a7f99f7bca87ff008a6ae275883c696be62be9f7d15ac8bb5b6c2df76bf402deca182ddbcf8f6eefbbf2aeda7794d70aaa1a396dd7fe5932ee5ffc7ab9e5c3d4d6d37f81aac7c9f43f3ffc23e0bbe6ff004ab5b5d4a0bc8ff8a356dcabff0001aebad741f1969b70ad6575a945249f2c8d3ab37fbbb95abed46b5b5f3996058adae36eef2d61f2f77fdf351cdb6dfefb6dff006997ff0066ae79641da7f82368e3d6974713e018bc3fe2dd355bfb3d20be876c7756d3c2aacb26dfbdfed2d7652782ecd5599218976ff7556b37c4161ad6a366bfd977d1db36e56f33c959be5feed4975135c5bac2edf37cbe6794ccbff8ed79d5320a8be091dd1cc69bdd19ba7e8cbfdb9751b6c455dbf2ff00c06baa5d06de2555465dbb6b0ecfc1fa6cb237d9e48bce6ff9f966dd5717c1abe74325d59c4caadf32c4db976ff15793532ac552de37f43aa38ca53d9d891ac2d6df779b344bfc35ccd8bffaef2ae23ff5d26e6ff81575575e1fd2e5dde45ac1b97fe99fccb5269fe03d36585a4b8b5899bfd95af3674a70769c5a3a23252d62ee71771179b37eff00508917fda92b36ea08628d9bfb4ad957fbde72d779a978434bb7b8b5b78b4f8959999beeff00acf96b42dfc1fa4a47f358affb55ccf43457679de8371a7c534cd2ea56cbb9be55924feead7516be25d2d76ab6a506e6f976d6e49e14d27e6ff4355ac3d6bc356f1430b22ac4b248abf77fdaa6a7ca4fb3bbdc2e359d2da35db751fcdf759559bff41ae4e1d5238aeadeeb6cb2aee91be5b76dcabfc35eb91f87ed55955157e55dbf76a3d5aca3b7b76d91ab6dfe1adac23cfe3d7adfcb5dcd2aff00bd6edbaaaea1acdbed6dab772c9b776d5b7919bff41aef2dedfcd9159a155fe1f996b155965d5b52f23fe58c8aadff007cad439343514d9e63e22d4a4fb2b6cb7b95dbf37cd1edaf13d522d62eb52baba6665f3a46936c70aaaffe3b5f605f68d1ea36371f6adbb9576d722de03b37b7f997e6dd4ad7d436d0f98e3d2f5695b6ff00a4b2ff00b31ad7ac7c3bbfb8d36386de7b7bc9d6df76d5dabf2eefbdf2d7a843e03b78b4f93cadacdfdd5aabe07b5b549ae26ddba4f319597f8969697d097b1a16be3299248f6e9b78b1b7ddddb7e6abde15f195d69725f2cba2ddb7da26f3be5fe15fbbf357416ed1baaab2ad48d147e7798b22ab7fbd54b7b88a03c7d7d2fcdfd85709fec96a2b55668cafde5a28bb20fcd5ff0084af54fe1d427ff80b56a68fabdc6a5ff1f92493b2fcaaccdf32d64daf872eda65f37c858f77cdb6e23ddb7fd95dd5ea12787343b0d3ecee205f2a18ff007cdb5be6655fbd5f579561a75652af7b287de7cce22a461685b7373c37a0dbea5e5c978be6ac71ee6dcdfc2bfc35d36b1f0eff00e12bf07ea5ac69b1b2df69b26e68157e59216feeff00b4b5e37a4f8e7ed1ac5c46b71b5a45f9605feeafcdb6be9af813adc7a9697a85bfcb2ab2ee65fef2b7cb5fa1e1dd0c6507ec9fbcbf33c6c47b6c34b9a7b1f2ecd3fcccad51f9aad5d77c60f07b784bc61790a2ff00a3c8de647feeb570fbbe95c1ed1f53ba29495d6c5866f9aa686ea489be591aa8eefa53a396b48d5b75070ee6e47acea5bbc9b393f7937cacbff3d3fd9ffbeabbed07e20f8d3e16cd6ebad7876f16c6e95997e6fddc727ccaadbbf85bfd9af2d59596456566565fbacb5d66b9f157c51e28d063d1f56d627beb18e4591639d559b77fbdb77355ce55276719b5dd6ebf133e58ece299a0be235bdb8926f33e691b7356f68be37d4b46656b2be922ff00655be5ff00be6bcae37ab90dd326ddaccb5eb4710adcad1c8f0f7d4fa2bc3ffb405f5ab2adfc2b3aff007a3f97ff001daf42d2fe3268babed56b858a46fe193e56af8f63d5265fe2dd527f6ceffbcb53295396da10e8b47db5f6f875255d932b7fb3baaf58c4b17f1344d5f1df87fc79a8690dfe8b7d22aff759b72d7ad7857e3b7fab87528d76ff00797e65a88527bad489c6c7a17c52f01dc78b6ce3beb2659752b55f957eeb4d1ff77fdefeed789dbf996eb71e6ab44d1feed95be5dadbbeeffe855f45683e21b1d72de39acee17e6ff6be56ac7f1178374bf146a925bcf0fd9ae3cb59249edb6ab337f0eefef7f157ab87c53a51f672d8e39524f5ea799f85f5293fb52d57cc65dccbf32b7ccb5f6568fadd9cb6f0ab49f32aaafccd5e0fe1ff0085fa6f8724fb446d25e5d2fdd697f87fe035d958dd34adb7fe5a2ff15698ca91c55add0c68c3d99ec0b650dd47b9963957fdda16d5625daabb57fd9ae1743d7ae20936ee6f96bbc8678f57b5dccbfbc5af0aa4654df91db149ad06acb345f2ac9b97fbad4edd1b7faf8576ff00b3545ae24b799a37f996a369d91be5dcb4b93989d9936a5677d7317fc4a2f2c6093eef97736ff337fc0abca7c65a778ba2658f576baf2dbeeb40aad1ff00e3bb6bd496f555bf78abfef2fcb5a0979e6c6d1fde85be5689be656ff796aa9cea61dde293f55fa8a518cd599f2edd69779f32dbdc40ff00eefdeffc7ab1eeb4dd4a09374aadbbfdaf96be98d7bc07a2ebdf3342b6737fcf48d7e56ae1754f865a9696acd6b74cd1ff00b3fbc5ff00e2bff1dff8157b74732a4f4a8b95fe1f7a39658792f8353cd749f1e789341f960d42f163feeb49e62ffdf2d5d769bfb40ead6edb6f6182e57fddf2dbff001df97ff1daab71e0fd4a58fccfb0c5790ffcf583e65ffbe96b06f3418d1b6cf6b3c0dff7d57a0a8e1711ad93f431e6a94f47a1e891fc52f09f88f77f6be96b1c8dfc5e5eeffc797e6ab90f853c1fe2356fec8d61ada4ff009e5e62c8bff7cb7cd5e3771e1c8f77ee265ff75be5aaf269b7965fc2dfef543cbe1ff2ee6d14b11247ae6a1f0b75cb28d5aca6b6d4235fe189bcb6ff00c7bff8aac95b5fec6665d5adefb4a91bf8a7b7f323ff00be96b91d17e20f8834165f22fa758d7f859b72ff00df2d5de697f1ee465f2f52b18e75fe2683e56ffbe6b96a613111dd292f2d1ff91bc7129f914ee3c3edaf42bfd9bab69f3ff17eee6f2e4ffbe64dad55efbc2fab59c6be7d9cfb57ef36dae81a7f03f8b5b745245a7dd37fcf45fb3b7fdf4bf2ff00df54dbaf0aeb1a32f99a5ea92fd9dbeeacede646dff02ffec6b9f95af764edea8d157bea72bbdb6c90f98cbb7f85aa191ff87eeffbb5bd71e20d4ad7fe429a6adcc7f77cf8f6c8bffb3542b7be1fd5d76ed8a26f97e566685bff0089abf612ec5fd612dd183712c890ed5fbbfecb557b76d8cbb95e265feefcb5d15e784acfcb69126bbb656ff56cdfbc5ffbe976d70baf784bc7116efec4bef0d6a0bfc2b72d35bc8bff007d6e5aceaa8d38f359bf45734a75b9ddae97abb1d1492f9f22cd27ef76aed5dcbb6a667fb543ff002d36afcbf35787f88a5f8d1a0ee925f0ed9cb0ff00cf4b485a65fe1fe256ae164f8aff001216468da18a093fbad67f37fe3d5f3d5b34c2d2d2709a7fe1b7e6cf5a184ad515e0e2fd1ffc03ea6b545b3bc59a36658f6ed655fe2a779f672c9279ff007a46f959abe4b9be327c40fe2bab6ffc058d6ae69bf1c3c5df6855bcfecfbe5ddf76587cbddff02565ae38e73809bf7d4d7c97f99b3c16256dcbf7ff00c03ea2b8b056f992e17cbfeeb510ea3259cdf248d12ffb3f32d78be97f1c6d609163d5b4dbad31beef99049e747ffb2d775a1f8bf45f16ed8ed758b46f33fda68e45ff00d9abd5a52c16295a8d64df67eebfb99c151d7a2ff794daf35aafc0eb24d4965befb44acb2c9f77e5f97e5a916fe36fbb74d07fc0ab95d73e03f8a354b7fb7787fc61a9fddf96282e23b855ff0080fcacb5e3fe26f047c5ad059b66ada85f46bff3c26f9bfef96af2f10a54af7c3b92f2b3ff008276519aa9f0d549fcd1ee5ae4525fdf5bde4ba84ad35bafee64826dbb7fe0355ee357911977ea17cdfc5f2c9ffc4d7ca77de35f1b69b74d6f79ac6a704dfc515cfeedbff41ad0d17e336b960de5de4cbaaaeef996efef7fdf4b5f3d2794621f2d6a3283eeadf95ff43d3be3e96b4e6a4bb3ff0033e94d3fc5b0eaf75259c5e248a2ba593f7704975b666ffb66df355ed5a5be9da18e79af27556f315966f9777f7be5af1fd3fc73e17f1bdbadaea51c515c2fddb6d4a3dcabfc3fbb93f87ff1dae834bf0e6ada248b2787bc417963fc5f66d436df5a49ff007d7ccbff007d56153861d683a997d65563db697dcff56694f39507c98ba6e0fef5f79e88da95e32aedbeb9693f8b74ccd4eb17bcd52fa1b796eae76b6e6f96665fbb5c8dbf8aee2c2e248f5cd35b4fb86f9bed307efada4ff817de5ff815769e119db51d42dee93fb3d5a38fcb8da5b86db22b7f17ddf96be56b65f89a0ed28bd37f2f96e7b71c452a8af191d02f836d5e35f36fb5066feeadd49ffc553a1f0359dbab791717316e6dcdb646f9bfdead89ad756897ccfb1daedfbdff001f1bb77fe3b5cdcde28d4acbcc55d2e0dad236e956e3ef7f0ff76b8d277b346bb2b98fad7855626f96fae597fda99ab1fc3fe178ef64baf3ee2efcb8e4dabfbc6ab9a87896f2eae1775aa2edfbdb9a9de1fd66eb4886e236b182e5ae24f31a4f3bcbdbfecfdda256e828df56c9ae3c1b62ebb56e2e76ff0077ce6aaf0f80ecf73491492ab7f795be6abd71e23912de49174fdde5aee6db36effd969d67e2b927b58e4fecb78b72eefbd489b3e816fe038655dab34fe62fdefdf3564e97e0a5bc9a693fb42568e399a35dadfdd6adc93c47a82dbc8b61a7aacccbf2cb3b7caadfeefde6ac9d0eeb50d2f4b8e1b8b5927b86919a495576ac8ccdf336dab8dafef0b5b685b87c1da7491862f763fedb30a2a78f5c7b75f2ce9d7498edb68ad2d031f78fce38db648bf35745ae6b325af86da3566fde36dacb5b2d1d7ef6a577ff0001b35ffe3955fc48f1cb676f1c0ced0ee6dacdfc55e9d0a92a709a4f7479b18465257462e97137da96e1a678995b72b2fde5afa2be0ff8c9b44b892456f9a486bc0f4f7b74b88e39f72c3f75996bb8f0ddc7f675f2c69279b0b7cd1c9f7772b7f157ab9162fead8b8a6fdd968c58fa3ede8bee8f5ef1e5effc25fa0c77171247f6ab7fddfcdf2b347fc3fe7fddaf1f9b4d9a0eabf2d77d797bff0012b93737cbfc55c5b5c4904cca8cdb6bee71bece15a5cd7b3b3d3faee7818652f66947a14e1819ff00dea996c9bef5585963b8ff005b1aff00bcbf2d490c51b7faa9bfe02d5c54e31a8dfb295ec75caf049cd5932aad937f0d1b244fbcb579ade6897e78ff00e04b42bfcd5a3f6907ef212e597c2ca6bfeed4d1cabbb6d5a68b7ff0d46d6abfc2b571ac2952686efa5a4689a9bb1916ba154b9972b4395f6d5c86ea48beeb6daa3be9caff00c2b5d119ebb92d27b9d97867e236ade1a995ad66f97f8a36fbad5ed1e0dfda3b499649bfb6ece5b69a4dabe7c1fbc5daabfddfbdfdeaf9ad2b53c3fa1ea1e23befb1e976b25e5d36e6f2a3feeafde6ad655a308b9cdd92eacc950751f2415db3ee2f0ff8bf47f12c2d2697aa4179fecab7ccbff01fbd5b5a7a6c9beeeeaf82ee22d4bc2faa2c7711dce9f7d1fccbbbe565ff00696be82f827f19af352d42df47f104de7ac9f2c77adf795bfbadfdeff7abaa9548d487341dd1c7570f3a327192b35dcfa4b4f82359b76ef9abb0d36e1625af9bee3e2fea1a378baeacee2ce3fb1dbccd1f91ff002d36ff007b757bf787ee21b8b359159bf791ac8aadfed55d7a328c54a5b339232d6c8d891a19e4f31b733547336f5f9557fdea6daa6f8dbcc5f9aaf794be4ed665ae1f87434dccb5819fef2fcb563caf297fbb5337c8b50cceccbf355dee491b5d35490dfecfbad59f33ec9b6aff000d47bda5fe1ad7913435a9a171616f75335d27996779b76fda6d9b6b7ff65ff02ac7d52c35029ba7b78b5c87f899555665ff0080fdd6ff00c77fddab4af25bfdd6a9175257fbff002b7f792b254b91f34746536de92d51c6cde1ad0f5669152368a48db6c917ccb247fef2b7ccb58f79f0e55777d8ef1a2ff65abd1350f2752555bb856e76ff00ab9e36f2e68ffdd65f9ab3e1b2b88bfd54cbaac3fdd936c3771ffecb27fe3bff0002aeea78cad4be3dbef39a54612d63fd7ccf2bd43c1ba85bafef6d56e557f8a2ae6eeb468f732b2b40dfdd956be80b5486ff0072dbc9fbc8ff00d640cbb648ff00de56f996a1bef0e5ade2edb8b75957fda5af4e9662baea734b0ed1f3cc9a5cd07cc8db96ad693e26d63c3d26eb5bc960fef2ab7cadff0001af54d4be17dadc6e6b2b86b693fbadf76b8fd63c17aa696ccd7563e7c2bff2d23af46188a15972bfb9984a1386a89ac7e29433ff00c8534d5693fe7e6d1bc993fef9fbbffa0d5e6b0d07c50bbad2ea09646ff9673ffa3ccbff00b2b7fe3d5c2dc69b0bb7c8db5bfbb2fcb5466b29a0fef2d53c2437a6ec4fb47d4ecaebc35a8683233595e4b6d27fcf39fe5ffc7bff00b1a85bc477964cbfdafa5ab2b7fcb783e5ff00c797e5ac5d37c69ac690be5f9df69b5ff9f6b9fde47ffd8ffc06ba4b1f17e8fa8aedb85974ab86fbccbfbc85bff665ff00c7ab2942a47e28dfcd7f57fcc14932c58eb3a6dd6d6b3d49ada4ff009e773fbbff00c7beeffe835a1796ad7b1eed46ce0be56ff969246b26eff81564df7842d6f216b88163963ff9f9b16dcbff00025fff0066b0e3b0d6341666b0ba91a3ff00a64dff00a12d67ece1574bdfd57ea1cce0ef1d3d0b57df097c23abfccda3c76adff4c2b9dbefd9bbc3f3ab340bf37f0ab332ff00f155d159f8fee226db7b6714fb5be665fddc9ffc4ffe3b5b96be39d1ee36ee927b66fe2f363dcabff025af36ae538693bca827f2476c31f898ed51fde78cea9f04f4ff000f7990cb1de5b2c9f75a3995a3ff00c796b0eebe14786e56dcd1ddc0dfde82455ffd96be8cbcf12f87efec64b7baba59e36feeab6e5af2dd492de2ba916d59a5b7ddf2b37cad554b25cbaa26a5874befff00314f33c6476a8ce77c3fa6cde15b856b0f116b5146bf7629e459157ff1ddd5e9d6bf17efbeceb0dfaa6ab1eddbfe971ab37fdf55c1cc8b54e44dadf2fddaf569e5784a31b42365eaff0056714f195aa3bcdddfa1d4788b5cd17c471ed9f45b658fe6568dbf78bff7cb7ddaf3bd53e16f83752b8f3bec33d9ff00d33b6936affe3cb5d36f8563dcd6bbbfde66ab56b796f3ee85ad52066fbb2afcd5cf5f2ac1d75fbca77febef36a7986269fc12b1cce9ff000dfc27610b2a69af72adf7bcfb866dd5d269ef63a45afd9ecac52ce15fe18aa68f6fda1adeea35593fbd1fcb50de69d35bab491379f0afdefef2ff00bd5c91cb30b877fbaa691d9f5fad555aa49927f6a42b71f3aacbfecb7f156c5d6976ad62daa787d76c3ff2f169ff002d21ff006bfda5ff006ab8bf35a5936ed65ff6aaf69b7b716171e6248cb5c38ac046a5a51d1afeac7750c472dd37a33a0b7f146ada35aade379ed6323796accade5eefeeff00769b67e32b3bcf315645f319b77975e81f0efc61a2c563369f756ab04774dba689b7341237f7bcb6f957fe02b5ccfc48f869e159d64bad066934cbeff9e0abfe8cdff026fbbfe7e5af8dc465f42ad474f114b95f468fa0a78a94129539dd7639db8d52d7cedd2c8abfeed695bea9a6ff00cfd45e62afdddd5c0d9ea5a868d74d6b751f9ebfde5f9b75761a1eada7dc471c77967f2ff7bef357cc63f87f1147dea4f9a27a987cc694f4968cbdaa6b7636f6337d95a295a456dcbbab63497b79f49b564913fd5aff00156958f85747d52d5a48163961dbbbe5acdd43c1ba7ac7e5c56eaaabf32fcd5f23384e9b719ad4f5e328ce37896a3686291559a3ff0066a469d5fef3573b75e1ab55566fbbb7736d55aaba3f856cee34b86696393cc93e666dd551d476496874773aca79cdbe64ddde8ac397c1f625cfccff00f7f1a8ad395997344fce9ad9b7d26e357d36ce1b58fcfb892e9618e35fe266f955688f54b346f9745b5ff8134dff00c555afed466d2d9a2863b38d6e236f2a0ddb777f0b7ccd5db496ad7933cc8b775a18775a35d68da84d6fa8c2d04de4ee556adcf0ddfacba3c2dff2dac6e3cb66ddff002cdbe65ffc7bcca935ab7fed9b8fed6817e56565b88d7fe58b37fecbbbeed62f87ee3ecab7d6edb95a4556ff0067e5ff00f69ab38c9d39292dced71e64d33d52397ed563342cdf79596b0ed62fb542acdf2b6ddb536937fe6d9c327f797e6a8f4b9552faea1fe156f96bf4cab5fdad3a7557547cd429724e50635ace455f97ff001da87ca916ba05816565dacb4d9acf67dd6ac69d448da50935aec64dbdedc5baf0cdb7fbb5796fe197fd7dbaff00bd153becbfecd1f655ddf77e6af4a1896958e3951d49a3b586e3e6b7b8556feeb5364b59addb73c7ff00025a87ecbb7eeb354d0cf35bfcab27cbfddab6e8d4de36f417ef29ecee47c537caab4d751cadfbdb7ff812d0b0472ffa89bfe02df2d47d5aff0004ae68ab5be34556895ea16b5d9f77e5ad292de48befc6dfef546a8b516a949da48d3dc9fc2ca6a9b6b63c33e28baf095d35e5ab3ac9f32ee89b6b55368b7d53922645fef2b5457a34f1b46542afc32d19a61abd5c0d68e228bf7a2ee8ec358f196a5f12f54b7babf8f6adac7e4c7bbef32d6b5aea90e89b64666f317eec6b5cdd9bae8da7ab7fcb493e6db587aa6aeb12b5c5d5c794bfdeaeac0d2a194e1a3460fdd8f733c6e22ae67889622a5b9a5bd958f725f8dcb70b1dd5ff0086f4fd4e6861587ed773249b997fdadbf7abb2d07f6b98e2b88e3bad3da08d7e5dd137cabff01af8ef50f8a16b6b0fd9608e49d7fbcdf2d66dbfc4ab7793f7f6b222ff00795ab079ee139b9653fcec62f2ca8d5ec7e9e783ff00684f0bf89b6c6b791c170dfc2df2d7a769fa8dbdedbac9048b2ffbb5f93ba2f8a2d6fdb7595d7ef3fe797dd6af7ef843fb426a1e19ba86d75191ae6cf76df9bef2d7ad46747131e6a72bdfb1e656c34e93d51f7633eff99996a19a75fbabf33572ba3f8ae1f11e970de594cb2c322fde5a924ba64fbcdff7cd6ea8bea71c9d99a974ff00c54d59772fcbf7ab2d6f77ff00153a3d6ed626dbe746adfef569cad2296e6a49bb6ee6a87ed51edf9d69ab78b70bf2b2b5539915d9aa52ee68d925c7f7a26ff80d42d2f9adf3b7cdfdefeed11c4cd51cd6527de5ad935b19ca2135e4c8d1c93c7f6ef2ff00d5c8adb668ff00dd6ab96be2df2976bf99a9c2bfc4aaab731ffbcbf764ff0080fcdfecd63b3c9137dedd51c96f0dff00df5f224ff9e8b4a5429cf5d9917945773b6d3eeb4fd66dd6e2ce459e3fbbb97f85bfbadfdd6ab1f655dbf2b5797de59df585d7db2dee9e0baf9556eedbef6dfeeb2fdd65ff0065ab574ff8a53586db7d7234819b6aaea11aed8246ff006bf8a36ff7be5ff69ab9e746a435bdd0959ec6deb5e00d3f5c5667b55593fe7ac7f2b5707ac7c28d4ac959aca4fb547ff3c9abd323f1543ff3ceaf5bf88e396ba29e2315436d579984a34e67cdba868d35848d1dd5abc127fbb59b2586eddb36b7fbb5f525d45a7eaf0b47756f14eadfde5ae275cf847a4dfee92c2692ce4feefde5af5a8e6917a554d1cd2c33fb3a9e1f673dd69733496b7124127fb2df7aba2b3f1bb4acaba95aab7f7a7b65dadff7cfddab9ae7c3ed6349dccd6ff6c857fe5a47f3572b240a8ccadba26feeb2d7a6bd9575ccacfd0e56a70df43b2fb169be218d991a39dbfef9916b0754f035d44ad259b79ebfddfe2ac7d9240db9599597f896b734bf1ade596d5b8ff498ff00bcdf7bfefaa392a53f81dc5752dce5e481a091a39559597f8596a3f97f896bd423bad17c5b1f973aab49fed7cb22d73bae7c37bcb556b8d3a4fb743fddfe25a23888ded3d192e9bb5d6a727e52b37dd5a6b451ff0075569b36eb7668e55689bfbad479ebf2fcdf356ed12b41cb02ff00bbff0002a9177237cb232b542cfbe857936fdd665a86994acc72a6c9376ef9bfda5a93cd92e21923693e56fbcaabb6a1f35beebfdda2356ddf2b2ffdf55938b345623581626fbbf2d4732feefe555abd245bbfb8bff02aab244bbbe69956b9a50bb3a6152db157cd922915b77cdfdeab8da935c47fbfdcdb7eeb2fde5ac5d5a5fecd8d648e68e5dcdf76a9c7acb232b36ddb5cf3a099d74eadf646d7daa1964daebfeeb536f256b5db244bbbfbd58b71aa47fddf96a9c9acb3aedfbabfc2ab5e6d5a513be151dcee34dd7ae34edb7166cdb5bf8777fe855d359f88f5ad726916cedec6555fe169995bff0041af17bcf1335baac6adf7be5fbb5d97c29bad4a2d71af2e2d5e2b168fcbf364fe26afcdf3fa784516a4fdfe9dfe67d4e5f3ad7bdb43b0d4a2f1079322b58da2ee5dbb96e19bef7fc06a8d8eadac69ba7c366ba5c12b431ac7e6b5d7deff00c76bb8b5d674fbafbb79032ffd745a9ae2cedd976a2c72b37f75abe0d412ea7bf7d2c70cbe23bec7efb491e677db70b8a2b46fa2b7fb4b7cabff007cd14be64fc8f0dd3fe15786d97f71e1bd3278feefeffcc9197fefa66af3bf8eda0d9e8da5d8c765a6d9e9f1eedad1da5bac3bbfdedabf357bd2cb2411ee95a28246f9772fff00b35e7bf1c375d78066576497fd2236565fe1fe1ffd9ab9a9559465eba1d9530d049b5d0f9663b899959773237f7aba093599a7d2749b3961455b585a35655dacdb999be66aa3f65d9a92b2b2ee5fef7dda35cbdbc7d523f3e381636fbbe42ed5aefd6279cd5cdaf0cdff00eee6b766f995b72d589ae3ecbaa4320ff968bb6b93d36e248b548593f89b6d74174f713feed6de5f395b72edf9abe9f075dd4c2fb3ea9e879d5a0955e63a85d52cfcc58de46824feecb5a0b2b6d56565956b0e145d52d6386f2df6c8abfc4b5247a5de586d6824dd1d6e9ce2ecff0012ad16b437236597ff0089a7795beb1e3bff009b6cead1495796e9bfbdbabb235fbe863286b72668a9ac9fecd3a3ba575feeb549bb7d76c6aea632810fcbfc5b69bb55aaced5a4f2aba155467ecd042cd12fc8cdfeed3bcd8e5f9648d777f7969bb17fdaa76d5f5ae8862251eba193a29ea35add7ef4526eff0066a1b789659a356fe16dcd56193e5a6c316d8d64ff00676d5bab096b6b3054a495af729ebdab47610c9713b7cabf2aaff7abc8f5ed7a6d5ee9a495be5fe15feed6e7c40d65aeafbece8dfbb8fe5ae2dc6eaf85cdb1d2ad51d28bd11ebe168282527bb1acd456869fa4b5c2ac93b7970ffe3cd5b96f65a6c5f2ed67ff006abe752b9e87a1cac32c96f22c88ccacbf7596bbff000a78e5a5923b5d45b6c9ff002cee7fbdfef5549b41b7b88774522aff00b2dffc5560de696d6edfead95bfddaf43098aad82a8a749fcba330ab4e15a3cb247d89f03fe315c7843505b1bc66974d99bf78bff3cffda5afaf2ceead754b38ee2293cd8e45dcacbf75abf2c7c0be2891996c6e24ff00488ffd4b37f12ff76bed2fd9afe277dab6f87efe4fbdff001eeccdf75bfbb5faee5d8d863a8aa90dff0023e3b198674647d0cb147e4b7cadfdd6af15f8eda5de5ad9c7796d23c51ab7cde536daf7eb7b08e5b5f93e6dcb5c3f8fb41fed4d06eac675f9995b6b57a54a694d3382cec7cc3a2fc49f12787997ec7ab5cf97ff003ca76f317ff1eaf44d07f696ba8955759d2e3b9dbff2d6d9b6b37fc05abc6750b792d6e248597f791b6d6aa6cff357a538465ba08ec7d7de1df8e7e13d655635befb1ccdfc372bb7ff001eaec175cb7bc8775bcc93ab7f146dbabe11596a6b7d7b52d226b75d364bb6beb89161b7b6b466f32691beeaaaaffb4d5c1569d3a69d494ac977368c5c9a8c55d9f6f492abb7cdf7aac5bdbc2ffc4d5e6bf0dff679f8e9e39d3566b8f10cb64b1b63ecd61f67db1b7f75aea456dcdfecaab56c691fb37fc4ad4fc4ba86803e304916b1a7b2adc5a47e5cde4eef9955996155dd5f253e22c1c24e0aefe5ff0004f621946226ae923b8b85f2a3fbaad469f169f7acd0de5aab46cbb5b7573f27ec79f19bce655f8cd6be5afdef323859bfef9a8dbf63cf8f16ade65afc4cb19ffbbbade1a3fd61c238db5fc3fcc9794574f5b7e3fe437c41a347e008ff00b434e6b9b9f0cc7f35e69f1ab49369f1ff0014d0ff001346bfc50fde55f9a3fbbe5d7456ba72dd5ac37565a941736b346b2433c6db964565dcacadfc4b5cbcdfb357ed35a4ac97167e36899d5772a47a5dbb6e6feed64781bf663f8fba1e9f71a3e81e24d16eed559af235b9b75db1accccccb1eef2d963dde67cbb76ab6e5ace1c458786977cbe8454ca2a4d5ecae7a4adbde44dff1f5155885eebfe7b41ff7d357249fb317ed31f2b3eade1eff006bf72adffb5aa793f664fda29feff8834356ff00b05eeffdad5b7fac58092ddfdc61fd8d5d745f79d66f936ee6b8b6ff00be9ab1f56d074dd5377daa3b4959bfe5a2fdeac75fd953e3fcbfeb3c51a27cdff5076ffe3d4e5fd8ff00e3a5c05f37c65a447bbfe79692db97fefa6a23c45828eaa52fbbfe090f26aefa2fbffe019375f0e747dccc9a83c1bbfbadbab3e6f87da5ff0016adff008ed754bfb11fc5a9fe57f880cacdf799749857ff0066a1bf608f891ff2f1f122f995bef7976f6f0edffd0aba7fd6ec3c7ed49fca3fe64bc86abe8bf13899bc11a6c0bb97566f97f8bcbad0d17c61a1f8666f2ef35c5bc6fe1dcdf77fe055635afd823c65b961b8f88d3f98df763bbbeb75ddff0001db496bff0004ddf156a1692343e31b596455dbbbfb4fe556fef7eeeddbfef9a89f166166ad3526bd17f98d645593bc5a333c61ace8fe268d95ede259197f73771fcacbff00c52d78aea5a8c96771242ebb248db6b5709f17fe1c78dfe05fc489bc0de2cf17dec62dd167b5d434ff00de45346ff32b2ab6dff6a9fa7fc31f1278d7f7d61f121b5a9b6aee8157cb9b6ffbadf337fc06bdecb73875e17a34db8bf38afce470e272d549daa4acfd1ff91d57f6cc8df79be5a9a3d49776e7936aff00756bceee3e0f6a1b996ebc597dbbf895a4db51afc16b176fdff88af25ff7a6af69e231af6a1ff93c7f4b9e72a1854b5a9ff92b3d41bc476f6b1b47f68555ff006a4acf93c5fa5dafdfbeb65dbfde996bcfff00e14cf85d59bcdd5256ff007a6ab11fc25f02daaee7ba8dbfde9ab17571fbba705eb37ffc89b468e1ad65293ffb77fe09d65c7c50d160fbfab5affdfe5acbbcf8c3e1d48f72ead1337f757e6acd8fc25f0cecfefc907fc0a4dd4e69fe17e96bf2b5a7fdf35cb2af895f1d4a71f9b7faa348d1a3f66137f248c9b8f8b9a2cb33319a7b993f856385aa3ff859d757adb74ef0eea173fdd697e55ad49be26fc3dd2fe582389bfeb946b58fa87ed05a0daffc785bcbff00015af32ae3e11fe2e322bfc297eae5f91df4f0f27f0506fd5ffc31234ff10b59f9a0d2ed34c8ff00bd3ee91aac47f0e7c51aa2eed4bc48d046df796dbe5ae3f54fda3afa55db6767b7febab571ba97c5af136afbb75e790adfc31ad7cd62337cba3a3a93a8fd5a5f768bf03d5a783c54adeec61f9fea7d29e0b5d07e1cb43f6965d424693f78d772798cdfeeeeaf74d5bc51fdacd671c0a8b6bb5648d605daabff00015af8b7e09e9726b3f103479b51dd7db6e164db3fccadb7e6afb43c2fa1d8aaf89239e4f2a4d3d95ad63dbbbcc593e65ffbe7e6ff00be6bc6cd70ab1185fadd3a7c96e9dd3eafe677e12b7b2adec672e6b9cfeada1dbdad9dc4dff2cda6dcaad1afde6ff6b6eead45f0569af1ab7d8ed97e5fbcb1ad65f893c39a96bdab33417caba7c3b596d9772b2c9b7f8bfbd5acb2eb56f0c71cb6b14acaaabe6ac8df37cbf79abe0b964a5a9f4374d5d0f7f07582b645bc1f373f768aab3eafaaa4a41b11f84dff00d8d1459917f339cbcb068a45d9b67b765f9bfbcbff0001ae47e2768d6b2fc3dd59a29be58e35b8dbfeeb2b7fecb5d849e769b37ee1525b76fbcad27ccbfeeb562f8aa5b7d674bbcb3ddf7a368d9564fef2ff001571ddee8f72518d9a3e33d4ad55b5e6b35936aeef99aa6f1545f67d5a35655f97e55ff80ad6d5e78226b58ecf5e92659564ba58e655fbd0ff000ffe84acbff01ab1f12b449aca3b1d4997fd1ee372c6dfde6555ddff00a157afaf2ea7ceb6afa1c6e8f17dab56b38ffbd22d7b46976ba7edf9e15599bfe5ab5781b4ad132b2fcacbf7596ba6d27e235d5bdafd9ee3e66fe19ff8abe9725ccb0f81bc6b46f7ea79b8dc24f109383b58f6493c3dbe3dd032b47fdd6f996b2e4b56b7f9595a0ff7be656ff81547e1bd6edefecd66b2ba66fef2cadbaba2b5bab7b8658eea3f219bfbdf75abf44e5c2e3a9a9d96bd7fe09f32a55f0b2e5bec72b7d6abf2ef876eefe2fe1aa3269b25bc8cd137cbfddaf4493c2ff6a85a4b365ffae5f795ab9dbed2dacdbe65fb337fdf51b578388caea435a7aa3d6a38d84b49ee7331dc3236d956ac473b7f036eab535ab44adbe3f95bf897e65aabf65fe246ff00812d788d54a2ed6b1e9c5c6a6a8b4b7bfc2ebb5aa65b856fbacacb596dbb76d6a1bfbcad5a4312b690e549ef13637aff00b34edff3563acf2455616fff00bcb5df19a7aa6736dba341a5f95bff008aa8f52ba5b5d2da4feeaeeaaff6a8dbf8bfefaacdf155d32787fe5feed39d4b45cbb0249ec793dfced7179248dfdea769f6aaede63fdd5ffc7aabb2f9b26dfef356a2ed823555ff007556bf3b9c9ca4e4cf623a136f67f99db6ad39517ef6e645fef6daa334be536e9772c9fdda8e3d65a26dc9b97fe05506a6e5bdc496acadbbe5fef56c6f8f5987cb955a5936fcadbb6edac3d3f54b7d47f76fb60b86fbadf755bfd96ffe2aad42f25acccacacacadf77fbb56a443465de59dc69778b2246b04d1b6ef95abd7bc03e2d6ff45d4206f2a4565ddb7f8645af3dd4ade3bfb3f33c966917f897e6a87c17a94961a9496abb6259beeacbf2aeeafa1c9f1cf058857f85ff0048e0c5d155a9dba9fa9df0afc7cbe30f0bc3789b7cefbb32ff0075aba4d4adfedb6f22b7f77e5dd5f167c10f8d4bf0d75068f5cb1bf5d3ee176f9b6517da95bfefdeeaf6f1fb577c3bdbfbfd52eacdbfe9e74fb88fff0069d7e9af1341be68cd2f5767f73d4f92961ea434e53c8fe2b693fd93e2abadabb566fde2d70adf7abb4f8bdf173c07e25b886eb4bf1159cf27ccacbb997ff42af35875bb3be5dd6f7514ebfc2d1c8ad5ec47114aaa4a334dfaa3154e71d5c5fdccd2f36bd6bf651f0449e35f89575ac32ab43a5aad9d9b4bf756ea4fbcdff018f77fdf55e2b757eb6b6b34cdfc2acd5fa0ff00b12fc319f41f85f673bc327f6ac90fda99609a18e6692e3e6f9564f964fddaaaed6fef57c8f12e2fd8d08d05f6b57e8bfe09eee59479ea39f63da7e2478fb4bf847f096e2f21b169fcbb76b58e48238da455dbfbcf9a39376e58da46ff0080d7c0ff0006fe2ff893c35ae6a5e22b2d4960d5af3cc926825591a16691999be556fef37cb5fa4de28f825a6fc40f05cd617f6696d7d22ee5b96b55b7b88db6fcbbbc96dadf37fbdf2ee5fe2af817c13f0e61b0f156a9e199f54b4686d6ea4b7f959576edfe1ddfdefbbff8f57e23982a952ce8effa9fb1f0ed7c2d1555e2ddd3b26ad7baff0087b193a7fc7bf14788fc5d24d7b74cd75b977340d242acbb97e5dd1b2b2fdefef57d85e0df891ad5e6931add2dd4525c46acb2c9753346bf7b6aff00a44322edff00817fc0ab85f01fecf7e1bf0e59ea17b3eb1a66a170abf2cf6da846b22fcdb97e5f955976edfef57ac683e1cb5d396f268218e355924db2c11c7f32aed5fbd1aff7be5f9bff00b2adf091a9157a8ce5cdb1186a951aa31d16dff00a16fe36bab38646179a7c7751b7de6b8b8dacbf2b2eefb2ee8f6ffd33655fe2fbb5d943e2eb2d1f5dd13575df6d6978f1b48658da35f26e7e56fbdf742cde5b7cdfc2adfdeaf2ef1f4f7514cba959dd4accb236e96dae95595beefde5db27ff00b5fef549a4dd47e20f83f63f68665569a6d35a7916456f995be6dcdf3332ed56ddfed57b49733b3ea7c94d7bb7ec7d2d3e84baddfdcc9797770d0c726c8eda191a355f97f8b6fdeaadae693a2785f48bcd5268e5586de3691bfd2a4f9bfd9fbd5cefc14f1a5c78c7c33a2ea176ede65ee9ebe66efe2b8859a19bff004156ff008156b7c4d0753f0edd69f18c336dddbbfbbfe56b9a2a4e6a37d0cdcad1b9c97827e245d5c6e589609e39199957ccf9aaf6a7f19a6b25658ededbcc5ff6ab87f09699e1d3aac1696bad456cde4b2c8b72de5b349f37ddfe1dbf77f8aad68ba0e93af5f7f65dbdd79ba96d6666f2ff0076db7fbadfeed7a52a749b6da3894e7b5c92f3e376b12b32adc5a40b5c1f88be2aeb1aced857547ff59f37d9afbc9f96ae7c52f85ba9595bfc96f22b32fcd2db2d785af8163b0923925fed25915b7332b6ea3dd8abc5036de9267d3bf12fc53ab78060b0b7865922d42ed246bc8f779cc57732afcdb7fbbf357855bfc5abef036b525e26a125b5e6eddb9b73799fecb2ff0012d7a078efe2e5bf8bf5ab1bc16773a6c2b0ac732cabbbe6f9be65dbfc3f76bc27e3378726d52facf52b29125b5995beefde5656dbf35428a945730d4dc1b4b624fdbdac34bf8c9f05fc33f15b4b87cad434f996c6f95bef2c6dfc3feeac9fc5ff004d96be13d275792d5a392291a2917eeb2b7ccb5f7a7847418dfc07e24f0af886365d0f56b58db74f22aac732dc43b5bfdedbff00a0d7e7cc7135adc4d0bfcb246ccacb5f59905774a52a3d3a1e4e3a1ceb9ac7a4fc41bdd43c7ff0fa6d4b48b87835ed3d964bc8e2fbd711ff00797fcfdeff007abe689bc51ac4bf7b52b86ffb695edde17d7a6d075286e17e68feec8bfde5fe25ae2be33f81a3f0f6b5fdada72eed2750fdf2b2ff00cb366f9b6ff9ff006abd0e21a15ea5258ba337eee92577b747fe672e5d3a7093a138ad754edf87f91e78dad6a12fdebc9dbfeda3542d7b74fd6776ff0079a9ab16f6a248953eeb6eafcddd4a92de4d9f49ca96c815e47f99999e88fe6917753765741e0d7d360d7a19b568da7b18f73344abbbcc6dadb57fddddb6a0b451d62c974ebaf251bcd5dabf35656d6ae975ebfb7d515562b565995bef7fb35931e9b34bb55569a8b9685d4518cbdd7a15767caad57b49b56babc8635f9b7356a59f836f2eb6fcacaadfdeaee3c27e055b09bce919a59b6ffdf35f419764f8ac5d58de0d46fab7d8f33138ca5462fded4f40f817a43278cb4f6dadf2ee66ff00be6bdf3c71e20baf06ea96faa59c6d3b5d5afd9e48d5bef32b7cb5c9fc2bb7b3f0a43e65e58ee69bef4ebf7957fbb5d67c5e6b37d1747b8b299658da46656ddfc35fa94f0519537426bdd6ac7c72c43f68a71dee72ba5f88752b793ed52dc6c9a4f99bcb6dcb5df687e3cb7bff00dcdd346937dd565f9775796c8ca8cbe5fddff669de6ec6dcadb76fcdbabe7f1793e1ead3b5ad6ea7b5431b514acd9ecd2cb0ef3fbe8ff16a2bcf74c9b49bcb3492e52112f4395a2bf2fab87af09b8a83763e92338492771cd05d584726d8e5b98557e58f6fcdff007d6eae6752b28f598da41ba0ba8fe5fe15923ff6596bb6b8fb46976b1f9f35ccf0ab6d69db6b797ff7cad65df68d0ea5710dd4134ff68dbba3b983736e5ff6bf8596bc98c7a1eeb93b9f30f8e166d1b54bab19ff00d4cd335c2b2aeddbbbef2edfeeeeaf3ff106a935fed59a669563dde5eefe15fbd5f517c4ef00dbf8ab4f856ea492dafb76d86ee3b7dabbbfdaf9beed7cff00e24f831e2ad1a4666b54bc8fef799049baba54f4b37b1e74e9bbdd23cee4a85fbd6c5c785756b5936cb672c4dfed2d42de1cbe4fbd0b55a667cafa90e97acdd68d71e75ac8c8dfddfe16af4af0dfc4f86f156defd5636fbbf37dd6af356d1ae11be65f9aa16b0922fe1aefc2e3abe0e57a52b797430ab429d656a8ae7d21a6ea9b36b58dc6d56ff964cdb96ba0b7d72cf548e3b7bf87ecd32aed56fe16af98f45f11ea5a0c8be549ba1ff9e6df76bd2bc3ff0011acf548d61ba558a4feecbffb2b57dde038869d4b42b7baff000ff35f23e7b1395c97bd4f5fccf5693c1fe6c7e65848bb997732afccb5cfea1a0b4127fa55bb5b337fcb7817e5ff00be69da3eb975a737996174ccbff3c99abd73c3ff0015743f10d8c7a5ebd6696722aed56f2fe5ff007abe926a8e2629b5b9e3a956c3bd1ec784dc683708ad245b6e63fef47ffc4d66c917f0ff00e3b5f445c7c2086f76de689aa2c5bbe65656f97ff1dae2fc51e03d4b4d5f335ad25a5b7ffa0969ebf77fdedbff00d8d78b5f2bbfc1b1e9d0cc1bdcf276465ff6686feeb7f17f76ba8b8f084d751b49a5ccba846bf3345f76455ff3feed73735ac96b23472c6f04cbff002ce45db5e2cb0f528f91ec53ad0abd4859597fda5ac9f185c7fc48557fd95ad89bf876b551f177f64bf85edd55aea2d4b77cdbb6b4322ffe3acbff008f7fc06a6551ca94d3e8852828495ba9e63a7c5bee377f76b6349664d521b85dbb61915aa8dbc5f678e4ff007aac69771b6468dbef37cd5f14f73d44b4353e216971c17570d12fdd93ef7f795beeb570bbabd5b588bfb7bc376f7df79a35fb1dc7fbcbfeadbfef9f97fe035e5b7503413346ff00795a9b08e9a32c690db351864655758d964656fe2af64f1b69d63e20d261f146911ac11cdf2dd5a2ff00cbbc9fc4bfeeff0012ff00c0bfbb5e57a3d97fa0b48df799ab42d7c57a868dfe8b6b7122dbc8cad341fc336dfe16a13b14d7546a59dc6cff00d05ab1f545fb2dd79915c7ccadb96b62e225b7bc6589bfd1e45f323ff75be65aafab22cf6aacd1ee65f95aa9499933d23c0fe255b3b8d3f521f77e591bfdeafb73c2bf19fc23e28b3b78ff00b6974f6655dd04bfbb6ff777357e78f8065925b3bab711c9b61656fbbf77757551cac9f75abf5bcab16eb61a0dff004fa9f2b8dc3ae76d1f7f6a5f08bc0fe2aff4a8a1b6959bfd95656ae0fc41fb20f8475766922d26d7ccfef5b7eedabe5dd17c69ad68332c965a95cdab2fddf2e465af48f0efed2de2cd2fcb8eea68b53857fe7e63f9bfefa5db5eff003aa91e59da4bb3499e4ba3383bc1dbd1d8ded63f635b38a1923b5bed62cd597eefda1997ff001edd5e9da7ff00c2cc834b8f497f15691ad5aab47b63d774b5866f97eeafda2dda36db583e1dfdab2c6e3cb5d46cee6cdbf89a093cc5ff00be5abd034cf8c3e1df132aac5a958c8cdff2caee3f2dbff1eaceb607078956a9462fef438e231545fbb51fe7f99d547f157c75a1daaadef84f508a15ff00a14bc50de4b2edff009e3711b7fe8cfeed71fa7f89bc0f61ac49aa5edaebda1ea5248ad34ba9787e65566fe26692ce49b76eddfddfe1aea2defece585592378236fbad6d26e5ff00be6a192ff7ee8d6e3cd5ff00a68b5e354e18c0564d28b8fa3bff00e95cdf99db4f3dc6517bfe9f958c9d0f56f08dfccd6367e36d1e7f324593ca9752b7b76f99beeac774b0b337fb2b5eb5e1dd266d27498fc8d2efa256f399afad2c5a4b4fbbf79648f72b2ffb5f76bcb6e2c34dbd568ef74f8278dbe56dd1ab6eaa7a7fc36f02a5d35c5be976da55d332b35cd97fa2cdb97eefcd1ed6af26b7087b3d6854fbd7ea9fe87a91e26a9517ef57dcd7ebfe67d136de33f0378abc3165a5eb1e2f82def266dd1b5c471c91ee5ddf7bcc56fef37ddfef35606b9a4e8fe12f0eea56fa46b9a7eb5e75c2c91c162dfbc8da3f95be5f31be5dbb7eead73fa7e8335e59f97178e3c4de4fde68ee75a9ae95bfde5999976ffb354ef6d358d3c18b4dd62c64656dcbe6786f4b6dadff0080f5e1ac8715195a2d7deff54742ce284a3677fbbfe09eb3fb2f5e4973a7f893478d1a2bad2b57fed2b78d9bfe58dcab332ffbbb95bff1dafa22eac2df5185a3b88f7ab2ed65afce0f1ffc0ff1578efc4b37882cfe246abe18bc9a18e368742b78ece36daaabb996355feed61b7c25f8ada0c3e5c1f1f3c5dfeef9de6567feaf6326ef16afdae57f6b61a2b5bdbd0fa97c63f0f6dbc09e2fbcd724bbb9bdd1eeb6c70db592ac9f36d5fddcdf36e55dcbf796bccbc0df187c55e0bf185c6a9acd98b9b792368d96c6c595bfd9f97cb6db5e2adf0fbe305bb798bf1bbc55149fc4d132c7ff00a0d576f00fc6275dbff0bcbc4fff0002b86aee590e60959a4fe6bfcce6799e11bbddaf933ec7ff0086c2b2ba4f2ffb06665dbf379f1c9ffc6eab5f7c5cf0febd677134be1d4f31976c2b6cb22ee6fef49fbbf97fef9af9157e1bfc64487cbff85dde26dadf795ae9be6aa537c35f8a8d2335c7c5df10b37f7bcc5f9bff001da51e1dc65f48a5f3ff00824cb34c3b5ac9fdc7d77a3fc2abaf8976b26a5a6b4515bafdd82e6de48595b6eedab27fc0abd93c17f05fc39a0f8521b2d5749b3bfb965dd7525daacdb9b76edbb9bf856bf3a21f82fe3fbc8775d7c54f102c7fdef3117ff65a5ff8505a95e5aeebdf8a5afcb22b7dd92455ff00c7a9cb877193d2534912b36c2d27749dcfa8ff006ae9fc0b63e08fec4d062d323d61e78cc93dbfddb58d7b332865dccdfc3fef57e5378eac3fb2fc69a95bab2cb1b49e62b2fdd6af7ef127c25d3f4d66597c6daf6a0dfc517dabef571b1fc36d0d6f9a6ba8eeef15976b34b74cccbfed2ffb55f419770c63b0f38d5ba6979ea70e233bc3555cb669fa1e430bd75da4c50f8bfc3779a0deb7dd5dd0b7f12ffbbfeeb7cdff007d57517df0326bfdd2787b504d43f8bec973fbb997fddfe16ff3f2d71ffd97ab78375a85af6c65b69a16f9a39e3dbb96be95d2941b8558e8f74702ab0a894a9bd51e7337c27d41649237f29595b6ee5a17e13dc6ef9dabdda6b58eea45922fe25dcbfed2d5cb7f0f497abf2435c14f8532e96bafde54f39c4c7b7dc783c3f0a9bf89bff1dabd6ff0b2346566ddb7fd9f96bdc17c2171ff003cd57fe05532f8359f6ef9235aed870ce5b4fec5fd5b663fdb1897f68f1987e1f5aa36df2eb52d7c250c1f76355ff80d7ad2f83edd17e691d9bfddacfbed23ec0cacbf76bd3a3966128bfddd34be472cf1d5aa7c52391d3fc2525c7dc8d557fdaaecb43d22cf49dacd6eb7371fde66f96887f859be5a92e2fe38bef32fcb5d2e9aa7a2d8cd49cfccd6bcd724787cb555556feead73fab6a9bad595d97ff66aa37dae2a6ef99557fbd5cbdf6aff006a936b3579389c6d3a29abea7750c34a6f53b08754856d55b72b37f755aaac9abc93dc72acbb7f86b8b9354b5b7daacccd237dd8d7e666ff0080d761e11f0078abc64cad67a7cf6d67bbfd7cff002d7cbd5c773ab37647b11a0a0efbb2c26a042f0ec28af40d03e0ad8ea964cebaedbdc4b148d0cc6d1bcd55917ef02dc7345788f1d864eded17e2762a137f659d0437ab2dd359dc2bdb5d2fcde5cadfeb17fbcbfdea86df46fb14dbace478a366dd340b1b32b37fecb572e209afe15595655dbf32b6e55656ab5a7cf7d650b2deb412edfbb3eef9997fda5afcc39b43f40e449dcc193cbbdba9acd9a55921fbd14b0f97b95bfdefbcb5932683269b27fa04d1cb1eef9adae64f957fddaecb50b38fc4d66bf68fb36ddcb22cab1b36dff695aabe9af75653436b3dbcb771b2b335ef92b1ff00baacbfdeaa44b49bd4e3756f0a47a8c7b5aded999bf876eeae2f50f873f675da967e6c7ff5cf6d7b66a1f37fcbbb7fb33ee5565aa3a7f9cd0f9378d1dcb6edab2aaff0ff00b556969733b45bb33e75d7be1e7cadfe8aabfef579feb1e0bfb2b32aaeeff76beb8d63c3d6f75bb7aafcbfddfe1ae075af07c68adf2b7fbdfc354ae633a48f95f50f0f345bbf76d5837160d1357d09e20f08429bb7aaaff77e6af3dd6bc2f244cdb57e5ff656ad491cb3a7638fd1fc5ba9686cbb2469615ff964d5e8da0fc41b1d59563b8dab37f75bff0065af3dd434391377cad58b35ab5bb57ad84ccb11837fbb969dba1e7d6c353adf1ad4fa73c3be34d53c3d32cda5df3347fc513357b5781fe3ae97ab6db3d6635b19beeb36dfddb7fbd5f09e87e35d434665566f3e1feeb57a268fe3cd3f59558e5f964feeb7cad5f7383cf68d64a33f75f9edf27d3f13e7ebe58d6b1d57e27d91ad7c20f0df8ae35d42cb6d8dd49f3477762df2d79af8b3e1a6bda5c2cb7f631788ec57fe5bc0bb675ff69bfceeff006ab85f08fc44d73c1f2799a5de35cdafde6b66f995bfe035ee5e0bf8f1a3f88d561d497fb32ebeeb6eff0057ff00d8d7d2c5d2afa3d4f1dc6ad0d533e77bcf05472b3369179ba6fe2b1b9f9645ff00657fcb579bf8f229a2b758e78da2915be65feed7dd9e28f87de1ff00195bb4cf0c6b337ddbbb6f95bffb2af8e7e39687fd83ad5f58fdb1afbececabe7b7fbbf77fe03f76be7f33c2468d194e07af83c4caa4f924cf2554ff004755aaad3b5bdf46cbfc35a1b3e55acd9937dc357e64f73ea3a1da786f5c86caea486e9bfe25f78be5cdfecff764ff0080b563f8b7c3f25bdd49f75a68ff00b9f7645fe165ac9b5badfe6427ef2fddae8acfc470cba6fd87518f7342adf67b98bfd647fecb7f7969a6b660fba28dbffa2e9aaaebf763acbd3ee218af1a6b86dbfddad0d43528eeb4f9157ef6eac585a3ddb9d77543d4d4ea21bafb6e930c8adbbecb2347ff00016f997ff66a99be7864556db55f4fd35534b69a2fbb347b9bfe02d4e57fddc6dff01a74e4a7aa34c461ea50695456ba4d7a31be1df136a5e15d5bccb3915566fddc8acbf2b2ff00b55e9d67e32f0eeb332dbeaf66fa1df37cbf69b6f9a36ffb67ff00c4edaf19d415524fe256aef2fb489351d26d6e9ed65db342b22b796df36e5afafc9b115e2a70a6f6d6cf6f3f43c1c5d384adcdd4edb5cf0fcda1fd9e4f323b9b3b8566b7b981b74727ff0012dfecd67c6dfdea8fc1b7f35ef85ee34b9d9a5fb3fef2356fef2fff00634ddd5f7f4ab2ab4e335a5cf0e51716e3d8bd0cb5721bd6ddf2b36eac7597fbb56a17ddf3575c66d330944ebb45f1a6ada348ad65a85cc0cbff003ca4dab5e81a2fc7dd7ac9556f56d7538d7fe7bc7b5bfefa5af1d8775685bc4db6bba126d9cd34ba9f42697f1f749bc5db79a6cf66dfde826dcbff007cb5761a3f8ffc2fab7ddd723b3ffafb8d96be5786d59dbef56b59dab7f0b576454decce19c29f547d796314775b5acf54b19d5beeb4570b5a4d61a86dfbcccbfeccd5f27e8ba5df5fdd79769bb72ff12ff0d7a768b6bac59c71c6d713f98bf7be6a2719addafb8cb921f64f6885354b78d63db73b7feba354d1bde7f17dabfefaae1f49b8d6117e79a5ff0081356d477ba927df9a5dbfecb573497922942fd4def2af9bef7da7fe04ab50cd05e797fbb9278a4ff6a35ac59357d495be5b87dbfef546daf5e2fdfba96a355d0392fd49aead7c489f34179137fd7486b16ea2f1a44db976ff00db3db5726d7ae377cb7927fc0aabc9acdf6df96e1dbfe055b46b38fd95f7193a1cdf6998b752f8ab6ed9e1bb66fef2d62dc691af5d36db8b7d49bfd9dad51f8cbe25ea9a24d1c7048acccbfc4d5c6b7c4bf126a323336a8d046bff003cebd0856925cd18a30950bef2674575e1c9acf734f6772abf799a486b2e4fb1a7de6ffc76b97d63c657d71b95f50b99ff00d9699996b99baf10ccff00776d742c5bb7bc887855d0f485bab5824f31266565aeab4ff1d687abdbad8f88e38f50b5fbbe6c8bb9a3ff008157cfedaa4cdf36ea87edecff00c55cf5abc2a2b4a26f4f0b28bba6769e3eb8d174bd616d74593cdb58d7e5dbf32fdeacdd3fc5bf628fcb56f97fdaae5669d7e66f9ab3e4bf55fbbf27fc0ab8157e5d11dbec39b5b1e8cde3a6fef2d43278e641f7596bccee35cb7817e7b88e2ff79ab2eebc6fa6c5f7afa3ff0080b6eae4ab9b52a5f1cd2f9a368e0252775167ac49e3791ffe5b7fdf359f378a1656dcd26e6ff6abc86e3e2369abf764924ff756b36e3e25c7ff002c2d646ff79abc7a9c4986a7ff002f17c8ef8655393f84f649bc51f2fcadf2d65ea1e23f2bef3578cdc7c43d4a5f9625483ff1eac5bdd66fafff00d7dd4aff00eceeaf9bc5714465754eeff03d4a595f2fc47a66b5f102c6cd9b7dc34f27fcf38aaffc3cd4adfc73acc56b7d2be9b6d2392cf1e3e55018b124f41f2edcff00b55e20df7abd63e11c0e3ed4ff00c2b65293f42634ff00d9abe7e96635f175bded11e854a10a34f43e91d3fc35e1ed0b45d3ad748d32f20bfd46e52d4eb17766f197264c47e40906d0658c6ec96523770ca79593c19af8bd1a86aa97c6dfc2fa24ed35b5bd8ccc6296424169ee5b6348ca2404991f91b4b3089783e8daeea5ad78c3c0fa12e91a7d949a9cf6e6e2d85cb348b0ba490c3e607500e1639e473b467e51839e4e85ae91a3f83d94e99790a5d44d1dbdca38553293244a4aa280a3011d70a0e09233c579b59ca536e6cd2165127f86d35847e09d29d2c6df481247b9add1d1f2c09567dc090773296c8383914559bcbfb4d08c56703476512460ac3061147d14703d303d28ae7f66baa34d5ec795693e23b8f0ac8cba8f9f7da4fdd59e5fde4d6fff00b332d7a25bdfe9f756ead1491dcc6cbfdddd5e5f240d2c6d1b42cdf2ff001494db1d5350f0ac7b6266974f66dcd6db959a3ff697ff0089af26749ad627af87c4d9f2d4d8f4868aeac24f32059e7b16fbd07f146bfde5fef7fbb5a16b2c37f6eb71149e6ab7f799ab0f4bf105beb30c77165f69b956fbdb7e555ab970d325bc8d6d62ad337fcf5936ee6ffc7ab0d7a9ea2e5dd22bdc451dadf34c922cad27de825f997fde5feed16fa8dbdfdd490c5751fdaa35dd241fc4bff01aafa6ebd1bb2c77ad069fa96df9ad9bff00656fe2a6ea965637f756b713b4b2de46cde5cf15bfccbfecee55fbbfef5689d8892bea89ae34e6793ccf31df6eef9776d56ac59228eeae3ec6fb22ba6f996391be665ff67fbd5a575a8dbc1e4c3711caab37cab24adb5777fbd5a8da0b5eaac8f6f02b2fcd1b336e65ff00769f3ea2e4badf53cff56f05c8f0b6e68a2665fe18eb81d73c20bb9be591abdba4d3aeac219a3bad5229fe6f959a3dacabfddff6bfef9ac7fb2e93ab59c8d05e7dbbe6f99a3f997ff1dabbadd98fb368f99f5cf096cddb616dbfed570ba9787d9777eed56be9ad73c25fbedd6eaecadf7bccae075ef0a4c8db9a355ff8153b98ca09eacf9f6f34b64fbb597244d137f157ac6ade1cd8dfde5ff656b95d43c3edf36d8dbfef9abb9c8e36667e87e37d4349655691a78ffda6f9abd2bc2fe3cb1d52e23f359559be56ddf2b5793dd691244df776d67b235bb2b7dd65af6307996230724e0f45d19c55b0d4ebab491f5e7867c51ad68722c9a6df6eb7fbde5b36e8dbfe035e5bf11bccbcb5baba97e6666dccdfed5717e1bf8977160cb1dd336dfbbe62d6d78dbc5b1eb3a2dbc3032b2b36e665fe2afb4ad9c61b1f8595f4925b1e24305530d5938ea99c7567489fbe6ad8b7b56ba91634fbcdb76d1ad683368daa4d6b2c914acbb773412798bbbfde5afce1ee7d1bbe891cbc9b92e1997ef6eab57516f65f97f86af7d8e1f3372ab337f79aa36f39ee1576aaee6dbba5a4344367a5de5e5bccd6f6ef3c30aee91a28feeffbd557ec723b2aaaff0016dafa03e1d585be8de14baba8354b5b98dae24b3b892d99b6c91edf9bfdadacb5e3faa3b417d232aed559bff66a88c9cb9afd0db95271d773d1356f0adc7873c2d6323ac5e5dd5aadc47b6456db1f98d1b6efeeb6e56f96bcfe17ff0047ff0075abd8fe2d6af11f04f848c51b2eed1638cfeed5777fa44df77fbd5e311b7ee64ff7ab8b0574a7ebfa1f6bc52e32a941c7a42df749a5f815f5265f9b2ad5eb5e12f8e37d6fa05adbebd6abac69f1fee5658bf77346abfeefcbf76bc96f1fe56dabb96bbaf875e05d4bc4be13bcbab6f21e15b8f2fcb691777dd5f9b6ff000ad7d964b3aeb13cb876d369fe1aea8fcd318a93a77aab4474d1ea9e1fbad516f344ba9e5599b74d05cc6aad1ffb3f7be6aa7345e54d247fdd6db5c8cde1fbcf0ceb51cceaab1eedadb5b7575d7570ad22c9ff003d17757dee171139a946b4796499e354a7156707743a34f9aae43d6b3d6557fbb562396bd484d1c8e2ec6d5bed5fbd5a10cab5830dd6fab50dc7fb55dd4e691cd38b3a48ee15d96b4adee176d7271dd7fb557ad6ff00636ddd5e9d3aa8e29c0f5ef04f8aec7498fc9b887caddff2dd7f8bfdeaf62d0fc4da5cb0c722ac6ffed2d7caf6fa96f5aded1fc4171a5c9ba291b6ff0076aa50553539f58a3eb2875cd36ea35dbb377fbbf7aad477f66fb9772ffdf35f3cc3f10ec74db3fb45c5d2c5fecff1571fe36fda6ee3c2b0dbfd974b9fcbba8fcc8679d7e5923fbbb97fd9af2313570f8357ad3b1d7469d5aff046e7d4da95e59ac6d26daf1bf117c58d3ed6ea4f22dde58d5b6eeddb6be71b8fdae7c55f6a665f2fcbfeeed5ff00e268d07e2ed8f8864f26ea3f2a693fbdfc55861735c0579722a9af4e86b57038882e6e53dba6f8d966abb92cf6c9ff004d64ae675cf8dd753ee55ba8ace3ff0066be68f8af26a763e2a918dc3fd8265592d7cb6f976fff0015bab8292e2497efc8cdfef357cde3b895e12bce8aa3ac5db57f8edd4f570f952ab4e351cf7ec7d29a97c46d3de46927d4a2693fbcd26eac59be28697b5b6de2cbfdef2ebc06b6343b5f36391bfdaaf3a3c538baf3508412fbcebfecaa10576db3d5a4f89ba7ff0002cb2ffc06abff00c27cd7526d8ad64ddfed3572367a5ab48bf2d755a5e9b1a32b6daf5e862f1f887ef4ecbc91cd3a187a5b46e58bef106a915a4d71f67897cb566f9ab859be276b52eed8d147feec75dd78a9d62f0fdf7fd7165af1b55d8b5e167b8cc561670853aaf5577f79db81a54aa45c9c11ad75e34d6aebef5f49ff0001f96b366d52f27ff59752cbff006d1aabeca36ecaf8b9e26bd5f8e6dfcd9ebc69c23f0a23f99fef5254d48a95cc68454f4ed4ed94e54a04376fcd437dda936fcd4d92802ab7deaf64f85166f2f9a82431c4d6ee92e003b94ab381cffb689f9578faaef917fdeafa1be0af86d75ad3b558cb344fb2048e55f5c49b8e3bff000d7af97a4a4db7dbf339715f058fadfe18cbff0016afc37a8dede5c29d3e399b64442891033a2c640037600040ea5829ce7af9745e27b3d4fc453c97571244df6a48ad6458c6e1712dc89517a609dd3e73cf19e8071bfa2782bc4f2fc25b9d1bede74eb8b4d405edaddc6e4bcd063255776021cee61ea48e99dd556c2d34df0522eafa869f6ead27971d987b80b14922e184fb1b6c9f28451819ceec00072a6293f6cd2d55f7270ed7b34d96be2378a16d7c48d109da3d9120da197de8af3bf1a6ada4f89fc4979a84b0e77b610c9b81da3a515e3caaeaec7a71a6acae762db7f82191bfda66a8d524dbfead62fe2a76fb1f2f77da9e75ff0067e6ddff007cd395a145655b19675ff697ff008aab5a9caf729b34da6dd36a1a75d456779f2f98bff2ce6ff65bff008aaec3c3fe39fedc5658adfcabc857f791cadb7fef9ff67fdaae663fb53afc96715b2ffb4d54eeac1a59a1ba9ee160b887fd5cf06e8d97fe05bab19d352d51d342bca9e8f63bed534db8d5d564db6d04d1b6e8ee6391bcc8ff0087e5fbb54ffe126b8d0fc9875e9a26dcdb63bd817e56ff00797ef2b7fe3b59be19f1bdbcb79fd9f75671c178db963b959b74732ff777337def97eed75d0d85c3aaadbdbc0b1fddfbdb76ff00e3b5c9cad68cf5d5553578a33e6bfb5bff00ddaabceb27cadfb96dadff007d2d63b595d787aea4b8b2b1b9bcb7924dd2412cdbb6ff00d73dcdff008ed6a6bd06b96734735ac704f6eadfbe8957f79b76fde5f9b6d47a3ea96374bb9350b9bc937797240abbb6b7fc05772ffc0a9a496a26dcbdd65ed36eacefe169136b6d6dacacbb597fdefeed60eb961a6dbc8d25bea1168b7937cde62b2aacdfef2b7deadafec6d1e5bc6ba974df36e3fd5b493c6dff00b35357ecb6f751dbff0066a59f99b955995557ff001da7ccd951a775ef3395d2efedf59916cee967fb437ccb241b9a1917fbcb26d5ff00c7b6d49ac783ed655ff53f76bb0934df97f7ac9e5aafcbfc5ffa1567ea905bc16ffbfd4a5f2f6b7cb137deff00be7e6a7cd613a6d33c8f5ef0f345b95215dbfdeae0758f0e492fcdf2ed6feed7b65acfa2ea925d59d9b5cde5c5bffacdd1b3796dfdddcd593aa7855a56dd15bb5b7cbfc4cbb7ff001daae64d99ba4ed73e77d63c24caaccaacd5c8df682cbbbe5afa2356f0a5c7ccadb7fde55ae175af0947b9b7c8effecd5f3239654d9e237161245557f7917cbb996bd1354d0644936a46ccbfdedbb6b9bbed1245fe1db5a27d8c1c1adc9b476deb0b7f7a3a244f99a8d1e26568635f99b76d5ac9d4a5ba76dcff002ab55929d8bcb750dbc9f3c8b5d9786df47d459aeae2d62bef2fef2c8bf7bfde5af2ff009b6fcd5d3782eea3b06b89a55dcbb7eeff00c06aa2ecc8677de2ef1fdc78a2e2d6de5fb258d9e9b0b476b69a7dbac2bb776edb26dfbdfecfddfbd5cddf5847a8c7e641f35e46bfbe83fe7a2ff797ff00665ff81572f75a8b5add42a9fead5b732ff7abbcf04e9b67e23baba5791a09bcb56b7915b6b46dbbef5129df565d38e9643b5ed72df5cf0ee976abe62c96366b0c9e6b7de6f319be5ffbeab8785ff7322ffb55da78aace6f0e5d496babd8ab5d491b79773036d593fda65ae2617d90b35610a71836e2f73d6c6e36a62e14e1556b056bf7d6e36ea5dbbab4bc0fa8de585edc4da75e4b67751aab2cb136dacb9995376efbb5d57c23f0e5bf88f59be8e5d520d3996dff0072b3affae6ddf77fd9fe2af5f2d8ca78ba718eedfa1f3f88718d39396c74537c556ba87ecfe25d260d43fe9e62fddc9fef7cb47daa3bcd3639a26dd1ab7cbfeeb549e28f8737d60cd1cbe43b7fbdb7ff0042acdf0bc525ac371a7cabfde55afd022f150abec711aa6b46f7fbcf0d7b171e7a5f86c396eb6eeab90ded65dd45b5aa18ee193eed255a54dd8be5e63a68eebe5fbd56a1b8ae661bd6ab90dfff0016eaeea78bee73ca89d12cb56a1b8f9bef573f1ea5fed55a86f56bd6a58b8b38e7459d45add5687f68ac50b337cedfc35c9c37bfed57b47c01f81927c708fc437526a16b63a6e8b1daadd79ff7b6dc48d1f98abfdd8fef37cdfc35b62b3186130f2acf5b7e7d0c69615d6a8a1b5ce0efa2d365f0fdf34b74b3eade5fef2066ff008f7ddf77e5ff00d9ab9df194b0ff00c29bd2ec6791a59acef1a4b76f97e58e45fde2ff007bef6d6af6efda37f64ff12fc069a3d435abbb196def9596de7b191995b6fde56dcabf357ccbe26d5ee9f458749f2d7cbdde76e65f9abf29af8aa98c4ea5677933eb951851f769ab2381f2bef546a8c8df2d6a2dbc9bbe55ab10e9acedf76b4a58693b5918caa235af2e1bc4be07b886e3e6bab1fde46dfe7fd9af35d95e9da7dbfd834dd499feefd9dbff0041af3357a59c45feea73f8ad67f2dbf0fc83096f79476bfe6475d77866d76d8ab37f133572bfc5babbad16064b3855bfbb5cd955353acdbe88d7132b40d8b58ab62d7e5acdb74dbb6b4a17afd0e8da08f02667f8ca5d9e1dbcff0069557ff1eaf2d6fbcdb57e5af46f1c4bbb4365ddf7996bceabe278827cf898aed1fd59ec60636a4fd46326da8dbad586f9ea365f97757cc591e891edfa51b3fefaa72aef5a9153fe0359011ff1d3b67cbfed548b17dea244d9f75aaac0376b7cb51c917cd5623899d97e5666ff00656b7b47f06de5fc9ba785a0b76fe26f95bfef9ae8a185ad89972518b93f2339d4853579bb239387e4b8566fbbbabe92f82716b571a3fdab4cf32cf4bfb62b6a17b26d8e18638d5776e91be55f959abc96f3c0cd14cab12b36eaeb345d3af2d7498f4d96ea76d3d66fb47d93cc6f2da4f97e6dbf7777cab5f4586cb717424e1289e7d5af46ac7467d1df10bf69fb6b5b296dfc37147751ae09d4a78f1170dd5236fbff00c3f31f4fe2af03b5d6750f17f88bfb7b58be92799576acf72d4ebed37fb4addadd7f8bf8abbcf07f822ceeb4bff4a5655ff966aad555a953c35295f56d5be66909b9c9744617da1463f7f01ffb694574b73f0b2ce5999967f2c7f77fcb515f1dec19ebfb6476963a96a4ba85c69b796b158df5afcacb27f12ff797fd9ab97114c9f7ee962ff6a25adef88165a7f8cadd6e2c2e246d5ad7fe3de7b45693ef7f0b6dfe1ae2ec65865dcb7167e56a50fcb340caccdbab3a756f68cb7162287b36f9762f4cf6aacbe6dc4b3c9fecc9ff00c4d535b78de4dd058b4b27f7997ff8aab8b2df232ac5a7bc4bfde959569b32ea12ee55ba820ff6bcbf336ffe3cb5d2f53956e55bab59afe192196d62f2ff0089656dd5a9a1f8caf3c216f1dbea8cd7da5c71ed59e08f7490ff00bcbfc4bfed5519acbca5db3df49b7fde555aa2cd63e636c669e4ff006774959b8299b42a4a9bba3d621d49b548d5ad6196556f995beefcbfdeacbb8d13524b86b8b2f22da46fbccd26ef33fde555af3786f7c45e1c8e4ff847a3dd6ebf37d92e76edfbbff2cff897fddfbb5e8da5ead63aa68f6f35e6acaadb95a655b8f2d564feeff0b7fdf55c928b4ec7b14ab426b51da7dfdbebd2369bade9b1c1751b332c13ed68e655ff009691ff00796ae6b1ace8b65fe8b79796dfbcf95606fbcdff0001a74dfd87a8dc6ef2ed6e668db72afcd2346d556eb59b5d37c954b1bbfde49e5ab456eb1c6bfed3336ddabf2d251d0e853766d2327fb463b25f3adece7d72c6365db6d242de647fed2b49f7aba2b1bcb5d4a1f32d64468d5b6b2aff000b7f75aa386def2e3ee436d12b7f7a4ddb97fef9ac793c29792ea8d70d7d25b5c7fabdd690ed565feeb2b6edd4f440b993d0d2bcd26196492ea258e0bc65dbe7aafcdff02ae66f25fb1c7e5eaf751db49bbcbdcade5ab7ff00135d06a0b6b616fe66a778ab6ff7774b36dddff7cd436b168fb645b3b389963dbf2adbfdeff81534ee2b3d8e7efb4486e21f957cd565fef571fab785fc8f31a055fbbf2c4cdf2eeff7abd024d264b3b75fecd8638addbef5b48df2afcdfc359b269ba86e92496e22895976fee15bfef9ddba989b5d4f17d6bc3d34aacdb557e5fe15dd5c3eade1edbbb76e6dd5ef5ac682b12b6f91bfefaae1758d2ff78b1ed6b98feeee8977355eab639656678adf59b69b32c88bb36b6ead8f12787a3bff00b62dac7b9648d750876ffcf365dcdff7cfccbff01adaf11683335acccb0b2ed5ddf351e09d5216b3b392e9be5d366fb3dc6ef9bfd1666fbdff006ce46ffc7abaa95a4ec705556d4f2b8f4bfb446caabf36df97fe03563498196debacf1968d1f837569ad7f7ed71f68dd1ed5fddf97fc2dbbfbd5cfc971fbb936af94bfddfeed26acec42d55ce7ef1d5ee199bf89ab4b4bd4a6d36e164826f2997eeb2d64de27dda8e3b868bfda5a96541d91d978abc5b75e266b592eb6f996f0f97b97f8bf8ab0d7e4857fbd55639dae5776ddbfc356a66f99569474562a4f99dc8e697e566dbf2d6ffc36f0cde78975cb88ec9a2592187ccd924cb1b49fdd55ddf79bfd9ae6a676f2fe5fbad5d57c327c5d5f37ddf956bd3cba9aa98aa7196d738ebb71a726b73b28fc51e22d0646b19e4696385bcb6b4bd8f7796dfdddadf76aaea1e216bdba8e45d3e2b365fbde47f1575dfdbcba9431c3abdaa6ab0c6bb56595b6cd1aff00b327ff0015b96a36f0469facc7ff00126d51566ff9f4d4bf76dff0193eeb7fe3b5fa6fb1adcbcb09b6bb7fc39f38e708cb9a71b338d91d6556dd54e48bcaae8358f0bea5a0c9b6fece583f895b6fcadff02ac9dbf2fcd5cb568bb72c958de1517c51667ab36ef9969d1cbf37cb524d6ff37cb54e44922919abc89f3d16762e59a34165d9534774dfdeac76b86ffc7aa66b8f969c714d09d24cd85bd65fe2aebb41f887aa784b47b85d3a69228eebf7771e5332f98bfdd6af395badeb5a1a5eafe448d1bb7eee4fe26f9b6d695310b114dd193b5c51a5ecda9ae87d53e24fda5fc63f1ebe0543a178b75cd21acb4592dd63b458f6deea122ee58d99b77cdb57ef6ddbbbf8abe66be55bcb8f9635ddfddfeed6959e8d25e46ade74512b7defb22edddff7d3356a59e86b6ebb516ab2fc8ab5469cd5a3f9fdc638acc610d13d4e6e3f0f2aaaee5abd6be1ff00e20b5d859f879a5f9997e5fe266f9556b1fc59e2db3d12cdad74bff4ebe65f99a3fbb1ff00bbff00c557d74f0d47050e6abff04f1a35a788972c0e07e206a51e97a7ff0067c0cbe75c7facff00656bce552ba2b8d0f56d66f9ae278d9a46fbdb9aad43e03d41ff00853fefaafcdb1d4f1798d775634a56d969d0fa5a32a587a6a2e6afd4e6638bcd9157fbcd5e8167b7cb5db573c33f0d21975056bfb868976fcbe42fdd6ff6b77deaeba4f84ba822b49a75c5b6a1ff004ce3936b7fdf2dff00b2d7b3966558aa1194ea42cd9c588c6d19cb9548e661ff007aad46f46a1a26a1a349e4ded9cf6cdff4d63db50c6f5edeb0dce7b296a8c3f1c5d469631c6df33336e5ae1d7e755aeb3c6565753dc5bb450bcb1aaeddcabbbe6ac9b7f0e6a972cab169f73b7fda8dabe1332855af8b972c5bdb64cf630f284292bbb196b16f66fbd4d64feed7596ff0fb5aba5f9a14817fe9a49ffc4d6b58fc2f915596e2e95bfd9896a696499856f868bf9e9f9d853c761e1bcd1e7aa8a9fc55243134bf7239197eefcab5eb167f0f34db5dbba169dbfe9ab56e5af8796dd5560b7555feeaad7bb4384b173b7b6928fa6aff0045f89c15337a31f815ff0003c96d7c1ba85eb7fabf223fef3574163f0e614556b891e56ff67e5af488746676dbb7e6abd0e82a9feb5abe9b0dc3183a1ad44e6fcf6fb958f32a66b567a45dbd0e3f4dd06dec176c50aaff00b5fc55b56fa44d2b7cb1d740b6b6b6abf755bfdeaab7dae47651b7ccabb7f89bf86bdd50a38485a29452ec70294eb3bb7765792cadec23daebba66fbd593753ff77e4ac5d53c64b2c8cb1379eccdf7bf86a3b5d496e36b3eeddfdefbb5f079a67f469b70a1ef3fc0fa5c1e592694aa688e9aceca6b85da9b6256fe293ef57496b15f410c71c5a8336dfbcccaabbbfef9ae56c6792255d937fdfdad65babe6f957cb8a3ff009eabfbcafcfabe2eae225cd519f4f0c3538479523a3173703ef5a4721fef19b3fce8ae7c436e7efdd4dbbde66a2b9bda3ee57b18763eaf5d52e117c9834f5f97e6fde6d8eb8bf1c784b50d6e48f5283ec96dab5bafeef6fcde62ff00759ab6bc3fe209bc5566d71651c16df36d92266f3248dbf89597e5f9ab5974d9a5b7669ee2568f77dd5f96b8b952573d0a92954bae8793e8f79a8788d66545f22e2df735c40b0b3347b7ef337ff155623d2f6ee6b8ba95bfe05b6ba2f167806396cdaf3418dadb5658fe69f737fa42ff0075bff8aae174bbfd1f5259a6b88d6dae216db711deb36e8dbfe04d5db4ea296fb9e255a32a6cd293fb2e25f96359fcbffb6951ff006933b2b5be9b2ed6fe2ff56bff008f54cba95bdab34705bcecdb772ac10b32ff00df5f7685bfbcb85fdd58f9522fdd59e4dbff00a0eeae930248d350977332db5b6eff006bccaaf2584da6ea1fda967f666be55dbfbd8f74722ff75bff008aab125adf4b6f1efb858be6dcde5c7f37fe3d449616a91ab4f70f2f96bf7a56dbff008eafcb44a3cdb9516e0ee8ed3c2fe26b3f135bcd1c5e645790ff00aeb69d76b47fed7fb4bfed56a2dbacbfbb7dbe5c8bf36efeed78cea175a3c5751c965a92d8ea90ff00ab92d1999bfdd655fbcbfecd765e13f185c7885a1b7bfba974fd4b6ee681add63591777de8f77deaf3674dc5b6b63dcc3e25544a32d19a1a86977da0cd0c9a5dd4b16971fcb259796bfbbfeef96db7e5ff0076ac58ea5a7eb2ab74924b2ccbf2b2c8cdf2ff00bcb5b5269d0f96ab2b4b3ff137ef1bff001eae76eb48b18ae24bad2dadacf50fbacd17cde67fd7455fbdf7a946ef73a64d27a235af2cb4fd52d7cb9edd258fff0066ae6f52b8d5b43fbd6efa9d9afcbf2b7ef215ddfc5fde5ffc7bfdead4d2efefaf6dda497499e09a36dacbf2fcdfed2d0c9ad799ff001ef6b671eefbcd3348dffa0ad0376924c86d5ee354b786e2daf22f27ef37971eedcbfecb54779a0c77b1b5bcb7172bbbfbadb5bff1da6c9a5de592b4da75d456d70cde6491793fbb91bfdafe2ff81537fe132b3f3becf7927d8efb6fcde6fcbbbfbccadfc4b569f5667656b19336910d85bb2cf1c5b635dcb27ccdf2d73ed6ad791ac905bb32b7f132edaec3fb66de58fcc59bed90fcdf345f36eff776d53922b845924b3b569615fe16f95777fecb5ba9596a8c1d38dec8f3bd63436f2d95d6356ffbeabc36f11bc1be2a915d7cdb3995a3997fe7a46df796be9cd4bec7a8b5c46eaf67347f2ed9d557ccff0077e6f996bc57e2b78524f27cc58dbcc8fe656dbf797fbb4425aee61561a6c57bed2ffe12bd2574f69167d52c6356b39f77cd796ffc2dfef7f0ff00c06bcbef22689a48dd596456dadb96b6b43d79628e1b7b891a0685bccb5bb5fbd6edfddff75bfbb597e20ba9aeb54b8b89d93cc99bcc6dbf75bfddaea9b52575b9c104d368e6e48bcddd55fec6ccdb556bb8d5b44d153c3fa4c96b712c1ac3799f6e825fbabf37eef6ff00bcbf37fdf35cfdc3adbfeed1b748dff8ed43560453862589b6afdd8ff8bfdaa246fbd5236d8a3dabf7aaabd4a288e66ff676d75df0e7e4fb737fb4bffb3571b236faea3c0ba95bd9fdaa1964589a46565dd5eae5938d3c5c272764aff934726222e54da47a24770d56a397fefaac98ee3e5f95aac472d7e9d4ea5f63e7251e8cec349f17df69b1f93e679f6bff003ed3af991ffdf357a68bc2be23dde7d9b69170dff2d2dbe68ffef9fe1ffc7ab8b596ac4771f2d7a54eb292e596a8e295257bc7466a6a5f09ef1a369b4bba8b53b7fbdba2f9997fdefe25ae3754f0e5e59eef3ed645dbfc5f7abaeb3d52e2ca4592299a265fe256ae92d7c6ff006a5dbaa59c1a9aeddbba45db27fdf4bffb36eaa96130f5d6d6febcc98d6ad4badcf1192c3e5fbbf35559a268bf86bdf24d07c2fe23ff005579fd99337fcb2be8f72ffdfc55ddff008ed67de7c07d52f77369b6f1ea71fdedda7ccb37fe83f357955f25beb4a4bf23aa18f4b4923c2fed4bfed7fdf547dad7fbd5e81ab7c1dd6acdb6cba6de40dff4d6dd96b064f86fab237cb6b2ff00dfb6af0eae55898bd217f43d0863294bed19ba7f882e34eff5170f5d05bfc49d62255d9b377f79a35aa30fc36d7a56da9a7dcb37f75616adab1f833e2ebaf95347bb4dbf7b746cbffa156d469e3a92e585d1139e1e7acacccfbcd6758f10ed8ee35258a3feeb36d5abda7f85ed5555a5d634f5fef6e91bff0089aeb34bfd9e3c4d3aff00a54705b7f7bccb85ff00d97757411fecfb6361ff00211f1259c4dff4cfff00b2db5e8d1c3e21be69abbf36724eb525eec5e9e48e3ed748d1edfefeb963ff0001f31bff0065abcb2f87e0dbbb56497feb942dff00b357551f82be1ce831b2de6b1f6c93fef9db54e6f107c2fd2d9560b1fb632fddf324fbdff7cd7b11a9569af7a515f3385a8cb64dff005e861ff6f787edd9b6493cff00ed797b6ac43e2687ef5ae9b793ff00bab5a91fc49d2772ae91e1fb4b55fef2daab37fdf5255a93c5575750ed6925f2d7fe59349f2aff00c056bbe9d4ab515e3515bc91cf38c63bc1fcd9561f1af88123f262d25fc9ff009e577f32ff00df2d5cdea9a25f6ad78d34b6b67a7eefbcb1fcbff8ead6f4dacdc7cdb5962ff756b35af19db73333355ce842aff164dfdcbf4142a4a9fc11b7de58d17438ec21ff005cb3c9fecafddaeabec7a6caabe6ecddfeed716b7ac8df2fdea9bfb5a4fe2ae9a6e9d28a8ad8c66aa547aee75dfd97a4ff00b1ff007d350d6ba3c5fc31d71371ae794bb9e655ff0079ab06fbc6fa7daeedf7d1b37f755b7563571d87a2af39a5f32e186ab3f851e9d25e69702fcb0aff00df355e6f134312ed89516bc76f3e25d9a7faa8e59fff001dac7baf88d7d3ff00a88638bfda6f9abc1c4712e02968a7ccfc95ff00e01e8d3ca6b4fe247b14dadc7b99bf8ab1750f1adbd92fef6e2356ff007be6af1dbaf10ea979bbcdbc7dbfdd56db547779b236ff00bd5f358ae2e94935421f7ffc0ff33d7a592c16b5247a26a5f12f76e5b38da5ff0069be55ae4f52d66eb546dd7571f2ff0077f86b3e3b566ff56db6ad5bdaf94df3c7b9abe33179a62f1aff007b3d3b2d11eed1c2d1a0bdc5a85bbb7fcb2dcdff00a0d741a6c534bf2b37fdf354ed62b77655fb95bd636136e5d9b5bfd96af165b1e8416a6b6976aa91aeddcbfeed6e5ab4902ffacddff8ed66e9f05c7de957c8ff0077e6ae82c6cb7c8d32c9ba46fbcccdb99aa51d090f8af2ea58c37d91c7d76d15a2b1dc11f757fefaa2a6c87c8fb9ec1ae69ba978375a93c516ad14f6f33799a958db47b576ff00cf45f99b748bfc55dd59eb76baa58c37d6b32cb6f32ee5f9bf86a68d3e6f99b7337cbf2d793eb5a0c7e05f135bdd369ff6ef0cdd49b648d95996ce46fe2dbfddac36d0da4dc355b1e9d7dae69ffc570adbbe5db07ef197fe02b5e7fe26f0949acead0eada369b3c57db7f7925cc6b1c732ff00b5bbe6ddff0001af42b5f11e8b6162bf6392d3cb55f963b6dacdb7fbdb56a46d66e2e9636834b9e5565f95a7db0aff00e3df3555ac73c9f3ae568f2b9b57922b7f256d5e5ba8fe592d97ef2b7fb5ba9bbb569d777d9e2b65ff0069b737fe3b5b5e3af0e7882fe16d4ad63b1b6d42dfe6f2206691a65fe25ddf2aff0077f86b99d3fc5b75aa46cd6766be746de5b2dccde5ed65ff00676eeaed85452d2e7975294a9bd8b0da5df4aacd2eaceabfdd81557e5ffc7aaadc787b4b976b4f1bde6dff009f991a4ffd0aad4761a95fb7fa45e4702eefbb047ffa133549ff0008cd8eddd3acb72abfc5249bab5b5f631beb6b94e1d4b4fb0558e2f2976afdd8d6abdd5c47acaaff00a0dcbed6568e5ff52d1b7f795bef2b56a2ff0065d847b9e482cd7fbd248aab54ff00b52d655dd671cb79fc4ad046db5bfe04df2d535a157b173c37e255d1a4b7b3f105aab2c9b95752699a4566fe1f3377dd6ffc76bb48fc55a4a48ab67324fb5b6edb45ddff00a0d79fcd6f7da946d1cb6f6d05bb2ed659db7337fb3b57ff008aa34bd6f50f042c36f74cb79a2c7fbbf36256f32d5777fe3d1aaffc0ab92a53e5d56c7a54311b464cef3fe12dba9646fb1e8b75b55bef5ced8d5bff001eddff008ed73baf78b756b0b88dafe1834fd3dbfe5f5775c6d6ff006beeedff007abb4d3e55d534d8eeade446b791772caadbb72d4d3596eb56f363568dbe5dadf32b572b923d3e595af739ff00ec692592392eb50b99557e6f95b6affe3b534da0e936edf689e18bcc8ffe5a4ff36dff00813567c9e1ebad2da36b2bcbb5d37ef358ee5fddff00d736fbcbfeed5ab1d1b4dd4618d9d7cf857e65fb4b349b5bfdd6a6f5438a49ebb94750f11e836ed3325c472ac6bb9a2b68da4dbff7cd51b7f11c9acdaadc693672cb6b22ee8e76658d64ff006bfbdff8ed764d1476f6fe5a43b7f857cb5dbb7fef9ac1baf0935acdf6ad25960fbcd35a7fcb393fdaff0065bfdaa84d5cde4e6b631efb43b8d52d5adf51860dadf36d817ccffc79ab1758f8736baf69bf67b8927b991576af98db76ff000ff0d75d677f25fdd4d0a2b40d0b6d659576b6edbfc3fde5a9974b93f7de7dd34accdb955576aaad69a2665ecd54d6c7c6bf12bc0775e08d519658ff00d1646fddb5723bfcd8f6ab6f5fbdb5abed6f10781747f12ee5bab359ee3cbf2d5a5dcdb56be61f885f06f54f0bdc5f5d450ac5631b7cbba4f9597fd9ade3516ccf36be1e54df325a1c3cd75752ed5693eeaaaafcbf36daa326d8bfda6a8ee3ceb56db3c6f137f7655db55e4957fbd5adce1d8748ff00c550eef97e56a6b4bbaa366676fbb419833d47f77eed3b633d0d135034ae5eb3f11df587ca93332ff75be6ae934ff1f2b6d5ba8597fda5ae2fca6a77975e850c76230fa425a76e8653a309fc48f58b1d7acef1774132b7fb35a90de7fb55e2aaac8db95995ab52c7c47a859fcab379abfdd6afa2c3f105b4ad1fbbfc8e0a980fe467b14371baac472ff76bce6c7c78bf76ea165ff696ba4d3fc516775b764cbbbfbad5f5386cdb0d5fe09fdfa1e4d4c25486e8ea16564ad2b1d5ee2c9b74133c4dfc3b5b6d60c378adf36eab4b70bb6be869575b9e74e8b3beb1f89daf592aaaead72cabfc2d233575563f16a478556f26669b6fde56f96bc763956ac2caa95d6e7168e7e466478c3f6a6f165c6ad756fa6ed82d6391a35665dccdb6b92b8f8f5f102f776352962ddfdd5aef349f8596faf4d34d035b7dedcde65c471edffbeab717e106976bff001f1ab69107fbd78b27fe8bdd5f273cb331ab272962ac9f6d3f23d658bc343dd54aecf11baf883e3ad5372cbac5f3ab7cccbe655587fb72f5bfd26eae65fef6e91abe828fc11e11b3dbe7f88ac7eeff00cb086493ff00655a9960f01d9aaeed4af2e5bfbb059aaffe3ccd49647adeb625bf9b1fd7dffcbba36f91e2ba7f8724ba9177f9a9fef2eeaedb47f85b7975b5adfc89ff00d9f33cb6ff00c7abae93c5be0db05fdd69b733b7fd37ba555ffc756a9dc7c6ed374e8ffd174fd36d997f89b748dff8f3577c70b97617de94d7e073cab632b69180e87e1f7882c23dcda2dd797fde8a3ddffa0d5391a4b36f2e58da293fbacbb6a8de7ed1fa927fa8d49e0ffaf45f2fff0041ae175af8b57daa48d27ef2799bf8a76dd51573ac061d5954bfa2b954f038aaafde8d8f409ae97f89ab1f50f1469f61feb6e2356feed796df788f52d47779b70eabfdd5f96b35adda56f9be6af9cc4714bda843e6ff00c8f5a9e52b7a8cef352f8a11aee5b4b7697fda6ae76fbc79ab5efdd9bc85ff00a65595f656a5fb2b45b772edaf97c46738dc47c552cbb2d3fe09ead3c151a7b46efcc866bab8ba6dd3ccf2b7fb4d4d58aad2c0b532dab7dd5af1e53727793b9d4a16e85354d8df336da996dfcd5f957fe05572383fbcb5623b3576ff00e26a5ea3b58a70d82ff1fef6af436abb7eefcb5621b3915976ed6ad0b5b2697ef7eea91a25733fecb1c4aacbf2d5ab3b2bab86f961558ffbcd5d059f87a37f99b72b7f7aba4b3d22448d762ab6da872ec6b185f7399b3f0bf9bb7cd6666ff6beed74963a0b5bfdd9995bfdaf996b5a3b5f221dde5c8d27f0aaad6959e93717abf3edb6565fe16dcd537b9ad944cd6bafb047fbd8d655feec5f79bfe035a51d95c5d4cbe543e52aff0014abf37fdf35a563e1f5b0dacb1acadfde6fbd5ad0f93bbcb759229197f897e5ff00beab368e8a6d3d24ccc4d1ee2340ad3b93ef456ff9489c1b85fc5968a46f647b047e1cd4ae99567d69e25feeda42abff008f36eabd71e03d27f76b796bf6ef9b77fa748d37fe3adf2ad62fda3c51aa36e8a4d3f4855ddb976b5d49ff00b2ad491e917de737dab56babcddff2cb7796abff00015ac79641ed69f457352fb52d17c396b235c5e59e991ff7a5658ffe02b586de3eb3966f2f4db1d4b535ddfeb20b76f2f6ff00b2d26d5ffc7a9bab782345d661b8b796ce368e487cb697eec9f77e56ddf7b7573fe07f15dd691ae4de11d5e466bab78ffd16ee79377da17ff8aa6d35a1946aae6d8eca6bad5af23b78ed6c60b6dcde64925cccccdfc3f2f96bf2ff000ff7abcffc61f0ef5895a3d7ac3508a5d6a36fdf5a470ac31cd1aff0ff00bdff007d6edbfc35ea50c4c8df2ed6ddff008ed5a6b55fb3b32af98aadf7bfdaa8bd9a68e874a335cad1e0b6baf6a5acdbeed3becd67fde6b9dd232b7f77cbff00ecaad7f635e5d2b7dbf58b997fd9b6db0aff00f15ff8f56f7c4af055e595c2ebde1eb566badbbafad17fe5e3e6ff0058bfed561f86f595f1469fe75bc9e57f0b2b7de5af428d5553d51f3d88a0e84bc8743a0e9f6f70d37931b4dff3d25f99bfefa6ab571acd9d946aaf222edf97f7ad54ff00e117937335d6a57572dfc5147b635ffc77e6ff00c7aa4b3d1b4dd3595a0b389646fbcdb77337fc0aba2efa1cafd46b6b6d75b56ce192e7f87e5f95777fbcdb56a358b52bc5f996dadbf85964fde7fdf4ab5a536a56f047cb2edff7aa8b6afe7b2adb4324bf2fde58fe5ffbea9d839ac3b4b4d43c1be649a6afdba16fde4d63bb6ffc0a3feeb5761a3f895b5eb36bad36cef2756ff9eaab1aeefeeb6efe2ae47ecfa94edf2b45671b37de66dcd4d874bd4341926bab0bc69ee19b749036d58e6dbfdeff006bfdaac2a50b2bc0eea189e57cb37a1dc58dd789a5b8f31d6c74f8f6b46cbf34d2346df2ff00b2abff008f567ea5e1ebe96e16facb50916fa156fdc4bff1ed27fd745fbdff008f547a5f8ea3d46d7ecf6f63793ead1ed59ac9576ac3bbeefef1be5adab7fed2baf97ecf1d9fcbb645924f31b77fc07ff8aae0e6b3b753dc872d449ad4cfd27c411ea9797167756f269fa847f7ad1beeb7fb51b7f12ffb55ad35c2d8796b3ed895bf859b6d1a97836df595b192f6e3cf6b76668e2899a3f2dbfdefbdff007cb5490f85f4fd2e3ff47b5896666f3199bf78ccdfdedcdfc550da368a9474472fe26b8b3d5196d7ec7752de471f9d6f73691edf2dbfd993eeeeff0065a8b3d66f228f6eafa7ac1e66d8e365dd2796dbbf8b6fddff00d06ba6ba8a4b5559176ac7f7773566c9791dd48db59a58f76d6f296b551e6336f95defa8d64556f9b72b6dfe1fbb597756ab3ab473aacb1b7f796b4a4fb7232c305ba793bbef4edf32affb34496b35c3333b7f0fccabf2d4b859dee6f1a975b1e67e30f86da3f8a1646ba8d7ccfbcb2aafccdfecd78df893e017d83f796edbe36dccbfc5babea4934d853736d5ddbbeeedddbab2f508237b8dd16d585776edd1ed66ad22e496e72ce8c25ad8f8defbe1e5d586edd1fddacd93c2532ffcb36afabb5ed3b4fbadcccaad22aedf2225dccdfe7fdaae56e3c1b34f27c966b147f7bf7bff00d8d69cf63827415f43e75ff847e446ff00574e6d11957e65af6ed43c02cbb99b6aeefeeaedac1b8f0cb5ab32bc3bbfdaaae733f64ef66794c9a27f12fcb54e4d3597e565dbfed57a949a0aa2fcabf2b564ea1a74712fcb0b4adf77e5a14989d3b1e7ed60dfdda6b40c95d55c6912237cb1ed5feeb567cd6bb3e565656abe631e430fecedba9aa9fc4bf2d69496acb55da2ff0066aae4d89ad759d42cfee5c3ff00bb5b16fe3cbe897e78d25ae75bef7fb346dfeed7752c762687f0ea34734e853a9f1c4eca1f88cdb7e6b7f9bfdea6cdf11a4fe187ff001eae35a2a72c1fddaedfed9c75aded0c560e8277e53a493c7f7df37971aaff00c0aaab78d75497ef48abff0001ac7f2aa4fb3eff00e1ae596658b97c551fde6cb0d4a3b4517a4f136a52ff00cbd32ffbab50b6a37d3aee7ba976ff00bd51adab27dd6dad4e5836fccfff007d5734b135a7f14dfdecd9538c768a23666fbcf234b42c4cff0076ae476fbbe65a916cbf8b6fcd58395fa9a25d8a6b65fecd396d6b4a3b768befaeeff76a654675f91555690ec67ad9b6dfeeaffb54efb2aff0ab6ead25b2dcdf37defef5588ece4feeee5a570b192b6f27fbbfeead491daffc09aba0b5d2fed5f2aafcdfed55a934968bfd52f9adff008ed45cd795239b5b257dbf2d4cb60d12ee917ef7fdf55d243e1fba6dbf37fc05576d5c87468e2dab2ab2c9fde65a2e0e272b0d948cdf247ff0296af5be86dbb76e93737f76bb4b5f0e7caadb7e5ad08f448ed5955fe5ddf755a95ec5fb356d4e36df49915beeeedb5a96b610aed597e5ff007abaa8f49925f9628597fbb232d6a59f8416568e49d7ed2dfed2fddff7569dee254ce6edf4bff56b02b4adfecb7cb5d1693617112ffa46d693fe99574d6be1adfb553fdd55ad05d1bc8fe1fbbff8ed2354adb99b6b64be66d6f956ac49a6c2adb91b6b7f797e5ab8ab1ffa95fde49ff3cd69d0f86a4bf591a79b6c2dff002c23ff00d9a93b2294798a72235baed46fb4ff00b2abf355ef21bcb6dd1bc5bbef34b5b163a5c3671aaa42b146bfc2ab569961f976c9bb77de56565db4b9cdd508b576ce4a6d26d3cc3ba289cfa8a2b726d3e1121db1ae3fdea28b91ec7fbc6fea9f14347d2648775bea1bae24f2e3696dda18d9bfde6ae821b5f115e4de735c69f671ff000aaab4ccdfeeb7cb55fc5d058ebda3dd5adec9144be5feef6aaee56fe165ff006ab27e14f8a24bafb56837b711bdf69adb7cd66f9665fe165acf5bea63076763724f032dfc8cb7f7da85e6e6dccab71e4aff00e43db547c55f0c74dd6747f26c2de2d335256592df508a3db24722ff001337de6aef8cb24522ed659ffdd5f96abccbbd7eeafdddd49f99ba8c77381f87be2d6b8d3ee2cfc4b241a56a9a7c9e4dd2cb36df97fbdf356b7fc27fa5dd6d5d2e1b9d5dbeeab5a5bc9246dff6d36edffc7ab9ff00899f0fa6d5a4b7f106970a36b1a7b2c9e432aed9a356ddb5b77deaed3c1fe348fc5ba5dac9046cacbf2b5b32edf2dbf8976ff0d62ce8a4e5b3661dc5ef8bb5c5923b2d1ecf4556f9b76a5379cdb7feb9c7ff00c5570be2af851ab7873ccf10689225cdf333497d696d6fe4c6cbf7b7471ee6f9abd92fbc4da3e97711c32ea102b48cbb559bef37f76b1f52f1449712797a76937da9b6e65668d5618d7fde6936ff00e3bbaa6f28b4e3a32e74e9d58b53773cb743d524f14693f6cb29238377cacb3fde56ff0080d5c5d199e3567d42769372fcb12ac6bb7f897fbdf7bfdaacdf19784b56f0bdd4de2882ced2cecd9b76a165a7c8d26d5ff9e9fead7fd9a92cfc516f75631dd59432df7f7562f97fe02dbabd5a551555aee7cc56a4e94acb6342df4bb1f317f73bae1beefcbb999a8b8ba5b7dd1edf2bf87fe0559733eb5a95c3489e458dbeddadbb749237fecabff8f5476be0857566b8bebcbe6fbdb67936affdf2bb6b74da7648c2c96ec2ebc416f6fb77c9b9bfbabf337fe3b50ff6a5f4b32f9166fe5b2ffad9d9557ff8aad48746b7d2d635b5860b68d7f8625abde559fd8d5b6a6d5f96b4b5d6a239d9b4dd41ef16f92f16daea3ff52d12fcdff02fef2d751a4fc528e59becbaa59cba7ea9f2aac5691b4cb75fed47b7e6ac39354d3d59960669e65f976c5f35559b4b9b59b78e49edfec6d1b33433b37ef236fef2edae6ab494f6dceda188951df63d2a1d5f52b88da4b5d3d976b6dff4b93cbddff01f99a85d2352d495bed5ab7d8fe66936da43e5ff00c07736effc776d733a0f8d5b41fecfd2f5bf35bcedb1c3aa6dfddccdfed7f75abd096557dacadb9beed79ce3caeccfa0a535515e2ee70b368379e1cbc92ead56ef57b1924dd22dcc8d34d0affb3fdeae8b49bfb7d46ce3b881964b7917747b56ba09228da1f97f7b26dfeed737e20d255ee26bed12182c669995a6897779737f7bf8be56ff006a9a65ca16d625ab8592258f76d8b77f76b3fed526d665b7965fbdb7f77b7ff42ab96ba969b71b61458adafbf8a265fde37fb5fed2d695e5bdbed8fec724f3ee8d7ccf3d557e6fe255f9beed534d8e0edd4e26cd35ad4ae2692e1adb4fb566db1ed8da466ff817caabfeed3a4d123b8ff5ecd2b2b7de66aeba6d196f6cda3787e565f995be6db5c2ebda4f893c1f1eed12dd75e859be682eee3cb6857fd96fe2a4d58ae651dcb0da5c76adf2aaaab7f76abdd450eef2da45ddb7eeb36da9952fb548577dd41f32ed6fb0fcdb5bf8be66acfb7f0469715d4770b67e7de2ff00cb7b96f31b77fb2cdf76b5506ce69d782d2261eb1756374b35bdaafdb2ea35dcd141b5997ff89ae7e4f0bea17ebb5a48adbe6fbbb77332d7ab5d697f6555992383cc923dade5aaeedbf36dddb7f8aa9dbd85bfdaa6925b75b6ddf75a46f96938b4c88ca33dcf1b93c0be46e6f325959bef34ad59b75e1f5819976ad7b26a5f639669add15e59236fbcb0fcbff7d7ddacbbad11aea155f2638bf89be5dd4ae0e0af6478cde78797e6dabf37f75ab9fd43435dbb5a3dcdfddfbd5ecdaa784a6459193732ff007776dac3b8d0591bcb68dbccfbcdf2fddab8e873548d8f17b8d0664ddb63f96b2ee34864fef57b94de178dd5be5ac3bcf07c7bbe6ffc76b44f439bd9c8f1f6b0a8fec1fc4b5e85a878659199923f97ff001eac79b44f29b77dedb5572791adce5e3b5d8dfde5ff0066a65b2dfb76ed5ae8974667fbbf354d1e8df36d65a57ee3e46737fd96cff36da3ec0c9f756bac5d35625f9feeaffb35623d2fed0bba28fe5dbf79a86d30506f4471f0c1b99777cad5696c17fde6ff0066ba65f0e6ff00bcbbbfdeab56fa0ff756b27246ea8cada9c7ad832b6e55f297ff0042ab90d936df9e3dcbfde5aec97c32b2eddcbf2afddab90f871776d6f95bef6daabdf60e468e3e1d2d65dbb7e65ab91f87fcd5ff00575da2f83e4957f70be54cdff2d76ffecb5d043e0af3638e3ba5f357e5f9557e5dd53cc5aa6e4797dae86ceade448b3b2b6d6897e66abd6fa46d9155976b7f75abd7acfc21e52aec8d557fddad66f05c7710fcd0ab2aff007969f3971a099e476ba0abfcad1ee5ff0076b62d7c3cab0ed45f9bfbb5e84de085b58da48a45555fe197eed1a6f87ee1bfe5cd97fbde67cabffd952e6d351fb2d6c8e46d743545daf1b44dbab6adfc2f1cb0ff00ab5656aedadfc2f1cb0ee9f6cbbbfe596df96b52dfc396f02ac906e8a4fbbf2fddff00be6b39492d51d90c34ba9e7abe0b668dbcadd6ccdfdd5a99bc25359796cd6ed3ed5f9a48be66ff00e2abd22deca4fbb70aad26efbcabb6a692d56dedfcc76db1ff00b54e32b854a2baab1e7ba7dac6f1fcbf2edf96b53fb39523f9976ffb4b5b5ad69763e23b5687ec6db9976b32b346dff7d2fcd556df44b8b2b755499a7dbff3d3ef7fdf55ae9b1c9c8e0fb94638a6897e55597fd966dad4e6dcf1b46fb57fd9db5a1e7b2fcd7be62b7dd566abd1d9c6f1ab6e56565fef52d531d95430d74d578dbf72bbbfd9a7436f75032aee6dbfddab5ac582cb0ac76f7d26997127cab2c5b5b77fc05aad58d9de7d9638e76fb4b2aaab4ecbb7cc6fef6da9e6e82f6525aa29fdb366ddcacbfde66ab11c136a96ed340b1ac2adfeb25fe2ff00757f8aac35bab6e565f9bfdaa8d6ca3b7591a266dcdfc3b7e5ff007ab5b2b68429bda5b198fe198a591da432c8e4f2c5a8ab52bde445577e78a29724fb9af3d2edf81d7e9be00d274d91648b4d8a59beeb4f3b79d22ffc09aa8f8ebc3d74d1c3ab691e445aa69fff002d658f76e87f897fd9ff007b6d7591cb223798bfead7fbb5379aafe64cdf2ab7de8d96b916a54a2ad6393d17e20e8faa69bf6a4d4ada28d5b6b3799b7e6fe2a75d78d6cee997fb3a1b9d4f77ccbf668f72b7fc0beeff00e3d5c1eb9e17b1f879e348fc4096b6cda1de36db8f376ffa2b37f12ad7ad6973c7751c2d02a4f0b2fcad036e555fef6ea77bea286aaccc1b797c51ab6d922b5b3d2a16fbad72cd349ff7cafcbff8f555b5f85bfd97ab6a1aa5d5f5f4b25d48bf68581becf1eefef2aafdddd5db5e5d59e970c935c4d1dac31fcccd2c9b76edfbdf7ab979bc7f6378b37d82d6fb5c876ffcba5bb797ff007f1b6aff00e3d50d3bdcdff7695db36b4ff0be97a34cbf65d3e0b66ff77737fdf5f7aad47e644bf246df336dff007abcd7c61e3cf137879ac667d3ed745d36e2458d6f9a46ba9add7feb9aed556ff8157496760d7f0eeb8d52eb53f315be66658d76b7fb31d3e5ee66ab24fdd45cd53c57a4e931c90de5d22b37deb65dd2349ff6cd7e66ff00776d789f8a3c3979e0fd62e356d074fd41bc37f7a682e6dfc9f2db77f0ab7cdb7fde55af74d3f41b3d0638dacece28a355fbb12ed5a9264b7bafdccaacd6ecacacbfe7f86a92717cd1665387b68be63c86dfc43672c6bb668d559776dddf3558b7d5ee2e26654b37daabfeb25f955ab1fc49e0d6f85faa36a9a747f6cd1efa4fde2fde6b56ff00e27ff41ad6d2fc436bae5aade594d1dcdbb36ddcbf32eeaf4e954552377b9f3f5a9ba72b3436e2df54bc5f9ae22b65ddb76c1f337fe3d50d9f87adede6f32559efa6fe269e4665ff00be7eed5ed4b57d3ed774d2c89046abfdedabff008f555fede8e7b7f32cb75cab2ee56897ef37fbd5abe5334c9a189523f92358a366fbabf7aa19bf75b59d97cbfeeb37dda859754bd9966ba68adb7336e55fde337fc0ab42c746b1f33fd215a7665dcbe6fcd45fb21ab3326f1e1d5addac7cb6b98dbe5f2ff869be19f16eb5e088ff00e26de64ba3fdd5924fde4d0b7f0eedbfc35d15d3afcb1a47b557e6fbbb6a9cd7b1fcd1bed7ff0066b1a94b9b566f4eb4a8bbc4ef2df59b5bab55b85b8558d9772cbb976b565cde2bb3dcd1dbc8b7932ffcb2b15f39be6ff76bc9f5482df4dd62ceea0582fad57779da4cf27cb37f16e55fe16ff80b57af7857c47a2eb3a2c6da6dab5b5d2c8de740aab1ac6bb576af97b772b7deae0941c1d8f768d7f6daa76306e20d53c47a95bcd168f2695796eade5dcdcccbe72b7fb2b1eef97fd9dd4dd17c51ac68daf47a2f886d56299955ad6ee056f2e66f9bff001eff0066bbc91249eddb6fcaaabfc3f2d65eb9159dd69ff67bfb88f6b2ff001545ec75283e8f53a286e26b8fdf349e6b37cccdbaac34eb2ac924abbbfdeaf31d2752f115bea0ba7e976773a9d9ab32fdaee7f73b5bfe79ee6f9645fbbf77e6ff007ab7adf46d7b565ff898ea9069f1c9f2b47a7c7e632ffb3ba45ffd96a9496ba9aa9b7b20d5bc3967f6afed0b3bafb0ccbf35c2c5b76cdf2edf997ff66ac9d3f5eb3d5af26b58b72490fde665daadfeeb7dd6ff0080d6e69ff0f345d2da1b8485a7b855fde5cddccd349bbff65ff76af5d69cb711b5add7fabdbb55a3665ffbe6b484da396ad2553ded99930b344caa9b537546d64d7b0b46eaad1ffb4bf7ab36e20d5bc211c934f1c9aae92bf76758f74d0ffbcabf797fda5ffecaa487c61a7dc7976f14c92dc49fbc8e383e691bfdd5fbcd5b5e125a1c2f9e0f965a0d8f466b36dd148ab0ab797f6666f9bfe0350e977fa7dfdd5d59affc7d42db5a365dacbba9b74fe28d797cbd2edd2cec7ef7da6f9b6c9b9bfbb1fdea93fe15a5e5c7d9db52d4ae7fb423dcd1cf6cab6ed0b7fb2cbffb35652944eaa50a8eda6847368324574d0bc91b7cbb57e65f9ab2754d05656dcff2ff00bbf2d6e5f4ba868d79b752b74fb1aaaf97771337cadfc5e62ff0ff00e83feed5c57b7ba9a66826fb647bb6eefe2dbfdedb472ab5cbbbbf2cb7385b5d223b7dcb3ab4b1b7dd9557e65ff6597f896a4baf0bc7711f9c8ab2c6df776d77575a5dbff0ee6feeed5acd9ade35b89162665b88db6b7d997cc5ff00817f0d4b5cdb1ac3dc5a9e6faa7849ade4f963dd5cedc782269f748b0b2fcdb5996bd82de293cb55d461f236ab2f9fe5feed9be66f9bfbbff02ffc7ab42d7c38b2fcbbbef37ddfe1a9d509f2cd9f3cc9e0dbab5997fd155a3fe265ff00d996af5af8296e1773fccacdf2aafddaf749bc1f26ddaaaabf37f76b3e6f0a4714d37912341711fde6f2db6b7ff154f9db223455f43cc61f0347132aac2ab537fc2071caccde5f9527f7abd534b82d7fe3d6f1becd75bb6c7bbeecdfeed7496be17df7124690bdcb6d666558dbe5555dccd436d6c5c2927d6c780ffc225241bbcf87e5fe1917eed4d6fe17fb4491fd8a16b9919976f95f32d7bf47e1f8dd5636dbb76fdddb54e1f06c3148df67db032fcdf2afcbff0002a86d336f64f6dcf21b5f8697da936e9e4f2236f97cb83ef7fdf55bd63f0bdac36b5bc7ba4feec8db9bfefaaf4a5824d3b6fda2355ffa691fccb5b56bb6755655fe1fbd571ee4ca9c23b1e536fe1f549bc9b88fc865fef2edadc87c390fde565f96bbebcd1a3ba855ae63568dbe55fef562de785efad76b584cb3c7ff003c256dacdff02ad3951ced35b182d6f6764cb1bb2f9cdf3794bf3337fb5b6a391eea25dcb63badd97736d6569377fbbffd956a5bdc2c574b6b716ed6779248cb1c772bb5a4ff0077fbdf2d6c42eb17de5ff768692e84a97375d4e7f4f4b3b86daadbae17ef2b7de5ad65b08dd55be5dd526a5a0e9fab2acd2c2cb32fcbe7ab6d656ff796abc6b75a75bc70ee6d4215669376d5f3b6ff007777cbbab0e4d74677c2ac6ca328d81ac9629159e4f957e6fbb4dbc786ca3f3a568e08dbf899aa4ba69af6ead56caea4b1b5ff0096cb3c2ad2337fe82bff008f55a6b05966f31da49f6fcaad27ccd50e3dcde33e6f80cfb7bd6bc9b6db5ab32ab7fac93ff89abdfd9bf686f327f9f6affc07fef9a87fb221f3269a08fecd7126d691a2f9776dfbbbbfbd5696eaeacb6ef56b98ff00bd1afcdff7cd6895be131716fe21bf65ff005722ed6dcbf2b2d46b64aecdbd76b37cdf769b63e32d3f54b766815f72eedcb2c6d1b2ff00b3b5be6ab5fe997ecbf675558f72b6e957f8692b93cd17b99f78b6b6accb3edf9beeaff7ab357419aea68e4b3dda7c3f79be5fbcbfeeff000d6e7f6379178b32ee699bef34bf32b7fb3fecd588de6ddf347bb6aff0d6ea36471b6b9b5453874186de4691b6cb37f7a4fbd53359ecfb91b6dab9f68566f9569caf1caadb5beefdef9a972dcdb9925a333fec56f2afef635ac5d42c238995a2baf2159bfe5afddad4b8bdb8ba565b2b5f995b6b4973f2aedff657f8ab2fcafb2c9e65eac8ccbf7656ff00d96b48a6b54652b4be25a182d25e93c5a05f73c6ef7a2bab45b7b840fe628cfab2d14eece5f6513485ca5c88f63b0666fe2aa5a978ff0045d066861babaf2e693ee8485987fe834515c3d19ace4e2ae8c9d6351bef1ae9d3db5b6836c34eb8dd1c975a85c6ddcbfc5b563dcdff00a0d47e1af85d7763a45a58ddf896fa5d3c1c2dbda2adb803fb81be66dbff007cd1456ea28e1726e56f23a2b6f04683a64ea21d2e32f1fcca6691a6756ff7a4dd5bd1117d3ac10aed76ecdf77e55a28a4fb847e2b197ad6996dabd9c96774b1cf1cd1ed9226ddb6b81f056b573f0f75b6f085f2c171133f9d657e9e679a89b9bf75f7bff1ea28a8e8994dda763d1fed69711b721777cdf769214f3a6b791fe78777cd127caccbfef51454a3d2b586eab6705f8920ba8f75a488c3c97f9be5feed780f8a7c11ff000816a51c706a9736fa0ea170d1430c3feb524fbdb0b7a7def9a8a28869356ee6388845d366bd8f85b4a430bb45f6b9d7eecb70cd237fe3d5b85963464545568da8a2bd74ada23e57998b732c70db493c8d98957730db59fa86a70468d293f232ee5f968a29b6ee38ed72843aadeea8192ca2546fe1372dc7fe3b524ba03139bb9e499ff89236dab4515926e5b9aedb16eced6df4d568ed6158163feeff00bb54f51d364131bed2ae1acb5045e64fe03fef2ff1514526aeac52938cae8d6f0eeab75e3972f73ad4b68f69208a5d32ce1f2d430eade67f16eff80d77569a45bdb5e348b6f18bcdabba57f99ffefaa28af2e6eccfa8c3fbd0527b9a52de2c33ec0bb9d7ef54c92c247992478456db85a28a76b9bdf548afaf6b7a6e93a6dcdeddccd043147e60daadb8ff00df35871f8d66f14c224d074f578415025b9936aa9dbf7bfbdfdea28a98bb46e53f7aa72921f085e6bb6fbf57d41ee2d8fddb5b3fdca7fdf5f7ab5343f0ae97a32345a5e9f069eebfc31af3ff00026fe2a28a8526d5d971824cb91bec7ffa68b5349aa84967792432dc96e5255ddb97fdea28ad64ec86f4664ea3af5adb6a169a7de5c2c535cc6ce37c6cca576eefe1ae7b4ed0134cbb96f74a82db4fb6b9dccf0c91e622df7772aafccadff02dbfecd14509d8e75fbe95a7d0e8c6930dcda432ce4dc0fe123e55ff00be6a66b68a3b455d9b6366f2d562f942d1450db7b9d0e0a2ec8b0da3add5bc8b6f1adc470fcd24e3e5ddff00016ac397c3371a2595bdde9dcc7248ca966fb7cb765fe15ff9e7ff00a0ff00b345156b4471d4d137d8a3a77c43d2e6d46e2ca686eee6ee32f11b6b7da8d14bb7e4dccdf2b2ab32fdda411ea3365a7315aa8ddfba8fe666f9bfbd4515a28a33f6927a957ec2903349859646fbcccb5774ed567d0a15540cf1c8bf2c0cdf29fa7f768a28bd852935aa3a7d1b52b6d52293c927746caaf1bafcc1bff41ad8b7b3134caaa42bb1cffc068a2b1b6a8ec854928397533a7d4acee6dae23b6b7fb5dcab7124bf2c68cadb79fe26acff00ec6bad2ccb731ccdb88594c3b576a2b2ff000d1456752a4a32b235a71535ccfa9b1a46bd1cf23432c7893eeee1fed56ccba5c11a2b82591bb514569ccdab916b105de97677da7b47770a5cafdef997f8abce752bd8f46ba65d3a696e157e5fb349fdeff79a8a2b48b672d7d1dcb7a46b516ab1313198dc7cae3d2b6d563756cafdd5a28a9968f42284dce3a903dba49fbb64565acbb882f2d5a36b09629631f2b5b4e5be6ff75bff008aa28a95277b1d0db4b424b1d760bd79cba3da5cafdf57f980ff00be6b4988485771ddba8a286ac6909b716d952e74db3bd9c3cd0acaf6edb92568d7727fbb531bc9b4f1bade3125bbb7ca8edcad14565cce2ec99b469c5c5cba9a169a9c53c8eb2262446d840e81a89369dd8f968a2b5949a4735349ddb31ae2448a7c44369fef540be741219a55fb56f6dc3e6dbb68a2a613937622aa5157469dbea515daaae36b6edbf76ad4f1a340ca50337f1514574a6f94c2326d9cddc7876c2494b79062ff0066338514514555cab23fffd9);
INSERT INTO `vehicles` (`id`, `car`, `info`, `daily_price`, `image`) VALUES
(8, 'Suzuki swift', '1.1 turbo\r\nklima off', 3000, 0xffd8ffe000104a46494600010100000100010000ffdb00840009060712121215111212151315151717151616161517161717111817191816181518181d2820181a271e161521352125292d2e2e2e171f3338332d37282d2e2b010a0a0a0e0d0e150f10172d1d1d1d2d2d2d2b2e2d2d2b2d2d2d2b37362d352d2d2d312d2e2d2b2d2d2d2b2b2d2d2d372d34372d2b2d302d2d2b2b2d302b2d3838ffc000110800c2010303012200021101031101ffc4001c0001000105010100000000000000000000000502030406070108ffc400491000020102030505040509050607000000010200031104122105314151610613227181073291a123425292b11433627282a2b2c1d14353d2e1f015247393d3f11634446383c2c3ffc400190101010101010100000000000000000000000102050403ffc4001c1101010101010100030000000000000000000111022112043141ffda000c03010002110311003f00ee31110111101111011110111101111011110111101111011110111101111011110111101111011110111101111011110111101111011110111101111011110111101111011110111101111011110111101111011110111101111011110111101111011110111101111011110111101111011110111101111011110111101111011110111101111011110111101111011121f1db755416a605403de72e29d2039f7877fa5c7510262273bda3ed36823150ad5c8b1230cd9c6a6d6cd96dbec3dee225dc2f6e96a2ddb676d203ad166047316362377c6346ff007949a80711f19cf93b7b82cd91b098d57d6cbf9392cc0684a806e6c74361a19989db5d9da6715e95ff00bca15575bdac74d18f01bcf081b91c4a7db5fbc2527194fedafc66ad87ed5ecc7242d76bab6420d2aab67e46e9a1d44ccff6deceb5ce328a8fd2aa89fc56813671f4fed7c89fe53c1b4697db03cee3f1903431dded7c94516a61c2e63895af4d81623c2b4d12e4f52c57a5e578ddab83a2d96a5650c3eadf33fdc519be52e23601894fb6bf112a1597ed0f889a6623b658350485aae00b9b522341bcf8ed31f0fdb6a2f7eeb0f51adbee557f02630d6fa0cf6689ff008a2a70c220f3ac7f953941edcbd3754a9863660d62954b1f0dae02b2804d8ded7e0630d6fd123b64ed7a58845a94d832b6e234d46841075560742a75077c919148888088880888808888088880888808888088880989b4f68d2c3d3356b38451a5cf163b9546f663c86b2ced7dae94001ef546f712f624ee173ad85f8d8f404e935f387635056a96af883ee6616a5414ef149381e6da93f688000cf5d48b26b0b6d6d7c457a6ce5461b0e013f4cb99dd471344117dfb9d801f65b42357c46c6ad583e26bd4aae94d59a9ad754752ca1acddc94082fa6996f6e37dd35da8a8ad5530d55c1b85c4560db8d0a4ebf462c7eb3696e4ad73a8b636dedb3dfa32537601ac0b580195b40157791c6fd05a63ead5c8c2dbf80c382b4c5134daea43a2652a352770d48552469bcaeedc6818fc7e1c9a8d57f28c381e267765ac2f622e0b116b1dfa904999985c0ad4c4354766ba5902b12599bc352a3d86e176a62c06fcd7d65bed6e300a5911b755a21babb57a7756e42c6e4fe901c66a257bb471f4aa61db108589a6738cc4785c025e9141a6a9981e77bf097b1f8d65a4c32a10cac2cb66b0d6f7befb71f5e466b3b4b0f57bec41b9a2592eaba10e2d673e1272b7897c3adf3f1b932ed3c12e7a9de53570a0035292aa9166f75866f7ae37ea7c56d2d69b8ca5702a062737872d55c808de5d6e54151b8e5ef00b7f5be46ddae29a8a54e9ab5572129a73663651a6e17235e02e78482c46d55a654530f95093637b0190ae998dfeb8fbbbb5264af650e76abb4eb8fa3a00a511cea5b2b15eb62298eaef2c86b3b1d6c1d1a7b3e8b58db3e22a2f8599df7ebc0b1b9e8a146e323e8d145d14281c81130aad7672cee6eeccccc7a9e03a01651d009489a652b5103022c3f19aeec3addd57eec9d2e53d09194f9fe6fe725285661b89120b6a0cb5830d3301f7b55ff000c2b78b1987b5e8934f30176a64545f35de3d4665fda98498ad015636201e47517e12eae3dbed1332ac9c262aa61d862680ccae14d4a77b0a8b6d083b96a01b9b8fba74b11d17626d8a75e9ad446cc8c343b8820d88607552082083a82089ca36663c2a9a5a1c8c540beb977a0038f84894ecded3fe47882ccacb42a3015811eeb6e15906fd340dcd6c7eaead1dc2246e131fa0bebd41e1fcc7599a3103afc2ff848abb1294a80eef98b7e32a80888808888088880888808896deb28e302e4d73b49da75a17a54877958f01a84beecdd7a7f90363b598bc6352a8b872945325cd7ef00a8bbf3595d7220000f1663bce82c0ce7cfd9fda74be914d57617b0b2ba93bc312aac49df194d6e9b2b0a549ab5583d57d4926e479b6ebdb4b0d00e4264623688a4a4660cdc72822dea0eef99fc74cc3769f154a993b429652742c81d2c39956d02f1f0b7a483c5f69710ed708acb7394a1b0ca09b13bcded63af9cf97c5b7d6fea6243b5587352aa564b3d7f08eef292a69925823126d602e6fa5fc47aca70f8b253bf6b5c6b4a9e608c6ae6b1043652482c05ec379d2d359c7f6a4dd7323353424e52f9877d94817636ccb6626dafa5a5386db344d55b5a9d3f0de996366a8405354dc152d6f881baf373862d6f585c6e5a54e852640492d56b6f52598bbf767eb12cc2de729ef5093e166556041bdd9ea2f8975dd98358db75efe471f084b02d4ea2d663bf214f0a0ddeed82ad8580fd2363322960c1b020dad97c3a037bf86e75d6dd379e9352622257180d54029a92e2dbcb155cc2a16b8007777283adf76a6d238daa42e4565e6540000277ea77f1ff00396df03492a3b91e361ef5cdec4ee163a0e1a73913b5f11dd8baf97016e9d39e9ca6a7296b0168bd5ac30b4478eab651c42aea4bb0e96a8c45f701c4da6e7da1a894852c0d1fcdd0552daea5ede1cdccd8973ccba9e1313b1b865c2616aed5ae3c4e9f4434bf717196dc8d46cb6e993999cfb178967a8f5eae4666258dec417637bf90d458f212d46daf8aa6a3c4ea3cc8989536e505fae0f95cfe00cd51f6d36e196dfaab6f81128a1511f509af1b0fc00dd25f1a8d92af6b28afba1dbc97fa91227696deef32b04601436a6da936b7cc461e89b80aa33705b0b9b725de64baf62b175c284a2e0712ebdde9aeeef32df7c90600db754694969951a066b9b8f207d3d259adb5310def5608392803e6759b9ec7f66953265ab56981737b66637bfd9161fbdc66cb81ec06129fbc5dfa0ca8bf20587de8c1c8f0a18b3124bfbad7626c7420df85b412670db1b13895cb4e9bb2907dd16a76fd71e0f9cebf83d8f86a56c941011b988ccc3c99ee7e73cdb9b728e15054aec402d90581376b136e9a29df28a7b2b83a987c250a35082f4d321b1bd802720bf45b0f4e3255b10dccc8ed9db412bd34ad4cdd1c665befb6ed7ae862b54b1bf88f880d09d2e40ddbadaef81918cda3dca9ac4e94fc4dfa80f8fe579b34d376a51ef28d5a47ebd374fbca47f39b1767f13dee170f54fd7a349fef229fe725589088890222202250f500969aa13d205e670379969abf21f194049e812a29209de67a29895440f0a09465b4aef3c265150798b5f65e1dfdfa149ff5a9a1fc44be4c5e44426d2ec7e0eaae942986b8d4e7b5ae3368aeba9170391b1d7748dc47b37c01f7454a7d1185b96a0a9bcdb6540c2b9bd7f64c80df0d8c7a075fec948d752085659eafb3ec6a81fefcae57ddd1d00f4bb6bd6f3a2b550263d5c58951cd311d84da21aeb88a4db80d6f9799f127594d2f67355f5c5d742a3514a9decedbed5188160771b0bd89b113a1be2099619e691ae76db663e3304d4a890ac723a03a290a430536dda7c0da72fc37b38c6335aab53a639e62e7e005be73b561f711f6598790bdd7f74acf1e988ab1cf7677b25c3900d6c55563ca9aa531fbd9e6d1b37b17b3f0e32a50cf7de6a3b54b9eaac72fca4e20b4f5e654a3855a632d255a6bc91428f828123f11da3c252a8283d75150b2a6517621d88003581ca6e46fe724d5a697b47b034ab631f16d59c6675708a00b32aa83e237bdcadf70b5e11b9d336661e4df116ffeb2ee6988f57c63aa9f911fe2951a90ac82d2376e6caa38ba7dcd752c99835812ba8bdb51af13f19906acc2da7b529e1e9bd6a8d95505c9de7a0038926c00e64468cdd9bb3e950a6b46928445be55b936b924eac49de498c4a1077e87fd7c2709ed2f6cb198a72cb51e8d31eed3a6e5481cdd96c59bd6df89c8d91ed0b1a944d12fde11aad47199c2f1173a1e1a9078c83b4b55ebeb361eceed0a75e886a4caca87bbba1056e9606c469a6ed394f99b1db7b135ff003955dba70bf451a0f413e8af67bb25f0bb3f0f46a5c54ca5dc1de1ea3172a7a8cd97d2456c5111012376eed0345065d5dce55e9cc9f2fc489224cd67b5186aaec952982ea8082a37eb63980de775ac35dda49773c5e737d7bb10642417672f777cc6f67d3c4bc81dc46ed0733264541344a9da0ca86a53523b90fde0237aad37722fc35451eb35bc27b5261a56a441e361a7a6ef998e7f49d3b0f7b3dcf344c076e68d4a7de90ca837b106dbc2dc017b8b902f7d0900ef93182ed1d0abee5553d0104fae5bdbd66d1b1e68cd2369e301dcc0db91065d18997135984cf245d4db54558ae62cc378456a841e4d901ca7ced2cd5ed0a2efa55bee01f89102684f66b67b61441b777589e4114d85f79b37fab199384dbb4abdfba7b95f79482aeb7dd991802075b58cccea5b9beb579ea4facf12ef58098d5317ca62354bca66f185c7aa4ca654ab2b6651bcda118e4cc33b4a8f7bdc778bdedaf92fe2b5aff86b338d643b9848f7c0d2154d7c8bde11973d866cbcaf25ad4cfeae2359dc73caff001197ff00ce5c266216fa4279aafc8b7f8a546a483233cf0d4989def0e3cb8fc2786a7a79e9f2dff281926a4a0d498af58713f0fea7fa4b0f8a51c01f3d7e474f949aaca7ab7716d6cad7b6b6b95df6f232a7abd40f33fd2ff3b487abb4096dfa0007973fe52d9acc7749a255f1439fe03fadfe539a7b45db1df565c22b0544f1d5258e5cf62466b9e0baf9b0e5370c6b9a74deab7ba88ce7c954b1fc272cecde2aafe506b0b331cc6a13a0b35c9373ccd801d60626d6d9cf408bd8a9008617e22e01ebbf9794c1a4be227fd6b24f107bc577b58b302c4fd6248b70d48f14eb7ec8bb1d83af82a58bc461d6ad4cf542e7bb2e55a8545d09ca482a75225d1a57b2dd815ebe370f585066a14ea677a845a98ca18ad98e8c4305d16e41b5edbe7d1d3c5500000580d001b80e93d91488881aff006f36db60b055314a33146a5a1e4d5510ff0014d77617b50c1d600543dcb712754fbdf57f6ad366edbec938bc06270e05d9e9364ff8abe2a7fbcab3e52562baea08f3041fe4607d4f8ac2e1f16a597bb72cb97bc015895208b13f596c4e874d673cda9ecc08bf75980d74a6f71eb4eb5c9f4a804e35b3fb4f8aa0d9a9d56537bf84e5bfeb05b06f5bcdd3647b65c6d3b0ab96a81f694663fb4b603ee99622536aec3c6a51186caaa9601c94ab498856cc07d186a6b7d6f77372c4e979ad7fb26b8f769d46cbfdd3a57e371e1a6588ddcb94e85b2fdb3e19ec2b51643c7290c01fdaca4fa093a3b59b1f120778690bff007d4f27f1812c469bd84c2630d4152ab565a48405a751597bca9f55723fd51bc90385b869b8768f6db295c25163de3583b0de2fb80b6e277df80b73b893c1ec8d9950874a741edee9b86cbfabad97d25cabd8cc0bb6708c189bdd6bd602fcf2e7b7ca54436cdc0d4a7650720f8132ee2ebd4a64e6ac42052c597c445b801c4c9b1d9a41eed7c40fdb43fc48678db01482af51ea836d2a64e1a8b14553ff0068c5d73f6ad56ebccb0cde2b35cfbc0795c0f43ce476d5ed03adacb92b536396af1500f4d083b8aee3af49be56ec861336634c93bff3b5ad7f2cf612f6136261e99cc9429a9fb5916ff788bcf04fc2bf73beafb1d2ebf3f9f8f8e79f3f4c9d958e15e852ac34ef29a3db966506df399c8640627b4983a24a3e268a904f873a96de7eaadcfca41ed3f69983a68c6917aae01caa119016e172e0587500facf7b9b624fb71db8a5805c8a3bcaec2eb4c1b587da73f556fea786e24713db7b7f178c62d5eb3303fd9839698e810687ccdcf32663e331552bd47af55b33bb6663d7801c80160070004f0526b5eda1dd7205fcafbfd23463e0f15528b67a2ed498714254fadb78e8749d93d9ff006bdb194cd3ab6efa95b311650e8740e0703c081d375ec38ebadf43a1939ecf6b14c6a11c56a29f2cb7fc409076c7a9e2d48dc770bf11c4dadf0328a98951d7ccdfe42c0fa8912f5d89d390fe72a5a2c77e933aacc7c758586ee4341f01319f197dd3131b8dc35017ad5913a33004f90de64661fb48d5cdb67e0b118be4e10a52bf26761a7ac09c19da7a70e06aec04b785ec9edbc4eb56ae1f00a7828efea8e875c87d0c9bc17b27c17bd8ba988c6b5eff004d558203fa34e9d801d0de15a7623b5381a272f782ab9620252fa46637360325c036b686d3d4c4ed7c57fe4f66bd353baa626d4f4e651883ea099d7f65ec4c361865c3e1e9511ffb74d56fe640b9f599f03e6eedf76636ae1682e23195d5d1ea7765293b10999495cfe15041ca46b7e1aeb34dc1562bb8917b6ed78eeb4fad76e6c9a58ba1530d597353a8b958711c432f2604020f0204e138ef62fb46931145e8574bf85b3b53623f494a900f931951a962f10eca8a12dc1145cb3d461945afa93e220756b4fa6fb25b27f24c1e1f0c6d7a74d5588dc6a5aee7d58b19cfbd9ffb2dab87c42e2b1cf4dda9d8d2a74d99c779f6dd9947bbc00e3adf413abc8a44440444404f9c7da46c0af431359abd3c94aa56a9528d70bf44cb51b30472ba230bdb5b5ed7d77cfa3a5baf415d4a3aabab0b32b00ca41de083a1103e30c56cb643bfaf423a11a1986f4586f1fce7d29da0f63d85ab76c2546c2b1b9c8477b42fd118dd3f65ac394e5dda1f66fb430a496c3b5541fda61ef556dd500cebea2dd6073899b81aa546848d781f2991530c09234246846e208e0771bcb7dc65e044b225acaa38c653706c79ee3f11ac97c1f6ab194fdcc4d51ffc8cdf27244804432e159a46e787f697b4507e7837eba29fe1cb2fb7b54da1ce8ffca6ff00a934614e0c0da319ed036854ff00d414e88a8bf3cb7f9c83c76d6af5afded6a9501e0eece3e0c481304c40af39f49e0d4cf550c531ac090c061d487a8fa53a4b99afc4fd551cc93a5bfacdaf6f6ccc151aaaa5ce5c83bc069e67ce5485cd580baef072f0b0e1a48feca62e953016a53576762f4f3a07515298b697dcdacc1351aad7642ce558b33b1bb35c926dae96b9b4cdab1198aa394b2def95ac0f35e1f86fea24bf61abd3a58cef2ab654546d6c4ea400069e665bdad432e6077a25343fac493f809d7bd90f643087034b155b0f4ea56a85db35419eca2a32d3caad70be100dc0beb1be084fcbb1d897cbb3b02d550807bfabf47441371a16b670058f84dfa499c0fb36c6d7d71fb45907f75831900e9deb0b91d2deb3a8013d915a9ec5f66fb2f0c7326152a3dee5eb5eb316e7e3b807c809b5aa802c0580dc06e9ec4044440444404444044440444404444044440444408adb5d9ac1e2c7fbce1a9553b83320ce3f55c7897d0cd2b1fec5767b926954c450e8b515d47fcc52dfbd3a5440e298ef61d586b431c8dc854a257e2cac7f866bf8df651b5e95f2a52adff0aa25fe15424fa2e25d4c7c9fb43b33b428fe7709885ebdcb30fbc808f9c896c330deae3cd4ff0049f6344698f8fb0fb3eb39b53a15aa1e494dd8fee8327b67f6036a56b64c0d55078d4cb4be22a303f29f51c4698f95fb59d8ec66ce5a4f895402a9655c8f9acca01b3e80024136b5fdd335da53e93f6c1d9f7c6ece71494bd5a2cb5d14024b650c1d540d4928cd61c48027cd4875f91e60f1bcb29897d9d8a09ae52ccb72bc6c1ad9ac39e835e5792f4b1185029d4a68d7400ad3b5866e6edc56f63c49d06935dc355038061c8eef96a0f5fea6498da8882e94c2b7da66cf94fe88b017ea6f699aaf369778ec2885cd5aa540481bdaabd969af43e2b79933e9deceecc185c2d0c3037ee69253bf32aa016f5373eb396fb1eec43971b4b14a45ae70e8e35248d6b303d090a3a93ca7638088880888808888088880888808888088880888808888088880888808888088880888809aeedeec36cec612f5f0a8ce77d45bd3a84f574209f5bcd8a20737a9ec5b669370f8951f6455523e2c84fce4d6c4f66fb370ac1d286771a86aac6a1bf91d3e536e8808888088880888808888088880888808888088880888808888088880888808888088880888808888088880888808888088880888808888088880888808888088881fffd9),
(27, 'gtr', '300ló j', 30, '');

--
-- Indexek a kiírt táblákhoz
--

--
-- A tábla indexei `bookings`
--
ALTER TABLE `bookings`
  ADD PRIMARY KEY (`id`);

--
-- A tábla indexei `company`
--
ALTER TABLE `company`
  ADD PRIMARY KEY (`id`);

--
-- A tábla indexei `message`
--
ALTER TABLE `message`
  ADD PRIMARY KEY (`id`);

--
-- A tábla indexei `user`
--
ALTER TABLE `user`
  ADD PRIMARY KEY (`id`);

--
-- A tábla indexei `vehicles`
--
ALTER TABLE `vehicles`
  ADD PRIMARY KEY (`id`);

--
-- A kiírt táblák AUTO_INCREMENT értéke
--

--
-- AUTO_INCREMENT a táblához `bookings`
--
ALTER TABLE `bookings`
  MODIFY `id` int(11) NOT NULL AUTO_INCREMENT, AUTO_INCREMENT=42;

--
-- AUTO_INCREMENT a táblához `company`
--
ALTER TABLE `company`
  MODIFY `id` int(255) NOT NULL AUTO_INCREMENT, AUTO_INCREMENT=2;

--
-- AUTO_INCREMENT a táblához `message`
--
ALTER TABLE `message`
  MODIFY `id` int(255) NOT NULL AUTO_INCREMENT, AUTO_INCREMENT=8;

--
-- AUTO_INCREMENT a táblához `user`
--
ALTER TABLE `user`
  MODIFY `id` int(255) NOT NULL AUTO_INCREMENT, AUTO_INCREMENT=9;

--
-- AUTO_INCREMENT a táblához `vehicles`
--
ALTER TABLE `vehicles`
  MODIFY `id` int(255) NOT NULL AUTO_INCREMENT, AUTO_INCREMENT=36;
COMMIT;

/*!40101 SET CHARACTER_SET_CLIENT=@OLD_CHARACTER_SET_CLIENT */;
/*!40101 SET CHARACTER_SET_RESULTS=@OLD_CHARACTER_SET_RESULTS */;
/*!40101 SET COLLATION_CONNECTION=@OLD_COLLATION_CONNECTION */;
